"PhoneCompatibilityID","AccessoryID","PhoneID"
53,23,77
54,23,78
56,25,93
58,26,96
60,27,61
66,30,58
68,30,62
69,31,84
74,34,41
76,35,54
82,38,41
84,39,84
86,41,73
90,44,76
219,82,60
220,82,61
221,82,58
223,82,62
224,82,110
225,82,48
226,82,59
250,85,60
251,85,109
253,85,61
254,85,58
256,85,62
257,85,110
258,85,48
267,86,60
268,86,109
270,86,61
271,86,58
273,86,62
274,86,110
275,86,48
282,87,50
284,88,53
285,88,45
286,88,54
290,88,50
291,88,51
296,90,53
297,90,45
298,90,54
302,90,60
303,90,61
304,90,51
333,58,6
334,58,58
336,58,62
339,58,66
340,58,26
353,56,45
354,56,54
443,97,2
444,97,49
445,97,66
447,97,71
448,97,69
450,97,75
451,97,76
454,97,73
456,97,12
457,97,106
464,97,108
468,97,37
472,98,6
473,98,7
474,98,4
475,98,16
476,98,15
482,98,76
483,98,78
484,98,88
487,98,73
491,98,12
492,98,84
532,100,4
533,100,60
534,100,61
535,100,62
539,100,49
540,100,50
541,100,66
542,100,51
547,100,76
548,100,78
549,100,100
550,100,79
551,100,80
552,100,81
553,100,19
554,100,59
555,100,3
556,100,20
557,100,116
558,100,92
560,100,21
561,100,22
562,100,23
563,100,73
565,100,104
568,100,12
569,100,84
571,100,106
578,100,108
582,100,37
586,100,41
588,100,43
590,100,93
592,100,95
593,100,96
595,100,98
596,100,117
597,101,4
598,101,60
599,101,61
600,101,62
601,101,48
603,101,2
604,101,49
605,101,50
606,101,66
607,101,51
609,101,71
611,101,75
612,101,76
613,101,78
614,101,100
615,101,79
616,101,80
617,101,81
618,101,19
619,101,59
620,101,3
621,101,20
622,101,116
623,101,92
625,101,21
626,101,22
627,101,23
628,101,73
630,101,104
633,101,12
634,101,84
636,101,106
643,101,108
647,101,37
651,101,41
653,101,43
655,101,93
657,101,95
658,101,96
660,101,98
661,101,117
664,97,118
665,103,4
666,103,60
667,103,61
668,103,62
669,103,110
670,103,48
671,103,118
673,103,2
674,103,49
675,103,50
676,103,66
677,103,51
679,103,71
681,103,75
682,103,76
683,103,78
684,103,100
685,103,112
686,103,79
687,103,80
688,103,81
689,103,19
690,103,59
691,103,3
692,103,20
693,103,116
694,103,92
696,103,21
697,103,22
698,103,23
699,103,73
701,103,104
703,103,12
704,103,84
706,103,106
713,103,108
717,103,37
721,103,41
723,103,43
725,103,93
727,103,95
728,103,96
730,103,98
731,103,117
732,104,4
733,104,60
734,104,62
735,104,110
736,104,48
737,104,118
738,104,49
739,104,50
740,104,66
741,104,51
743,104,71
745,104,75
746,104,76
747,104,78
748,104,100
749,104,112
750,104,79
751,104,80
752,104,81
753,104,19
754,104,59
755,104,3
756,104,20
757,104,116
758,104,92
760,104,21
761,104,22
762,104,23
763,104,73
765,104,104
768,104,12
769,104,84
771,104,106
778,104,108
782,104,37
786,104,41
788,104,43
790,104,93
792,104,95
793,104,96
795,104,98
796,104,117
797,105,4
798,105,60
799,105,61
800,105,62
801,105,110
802,105,48
803,105,118
805,105,2
806,105,49
807,105,50
808,105,66
809,105,51
811,105,71
813,105,75
814,105,76
815,105,78
816,105,100
817,105,79
818,105,80
819,105,81
820,105,19
821,105,59
822,105,3
823,105,20
824,105,116
825,105,92
827,105,21
828,105,22
829,105,23
830,105,73
832,105,104
834,105,12
835,105,84
837,105,106
844,105,108
848,105,37
852,105,41
854,105,43
856,105,93
858,105,95
859,105,96
861,105,98
862,105,117
863,106,4
864,106,60
865,106,61
866,106,62
867,106,110
868,106,48
869,106,118
871,106,2
872,106,49
873,106,50
874,106,66
875,106,51
877,106,71
879,106,75
880,106,76
881,106,78
882,106,100
883,106,79
884,106,80
885,106,81
886,106,19
887,106,59
888,106,3
889,106,20
890,106,116
891,106,92
893,106,21
894,106,22
895,106,23
896,106,73
898,106,104
900,106,12
901,106,84
903,106,106
910,106,108
914,106,37
918,106,41
920,106,43
922,106,93
924,106,95
925,106,96
927,106,98
928,106,117
929,107,4
930,107,60
931,107,61
932,107,62
933,107,110
934,107,48
935,107,118
937,107,2
938,107,49
939,107,50
940,107,66
941,107,51
943,107,71
945,107,75
946,107,76
947,107,78
948,107,100
949,107,79
950,107,80
951,107,81
952,107,19
953,107,59
954,107,3
955,107,20
956,107,116
957,107,92
959,107,21
960,107,22
961,107,23
962,107,73
964,107,104
966,107,12
967,107,84
969,107,106
976,107,108
980,107,37
984,107,41
986,107,43
988,107,93
990,107,95
991,107,96
993,107,98
994,107,117
995,108,110
996,108,48
997,108,100
998,108,79
999,108,20
1000,108,92
1002,109,4
1003,109,60
1004,109,61
1005,109,62
1008,109,118
1011,109,49
1012,109,50
1013,109,66
1014,109,51
1019,109,76
1020,109,78
1021,109,100
1022,109,79
1023,109,80
1024,109,81
1025,109,19
1026,109,59
1027,109,3
1028,109,20
1029,109,116
1030,109,92
1032,109,21
1033,109,22
1034,109,23
1035,109,73
1037,109,104
1039,109,12
1040,109,84
1042,109,106
1049,109,108
1053,109,37
1057,109,41
1059,109,43
1061,109,93
1063,109,95
1064,109,96
1066,109,98
1067,109,117
1068,110,76
1070,111,2
1071,111,3
1072,112,118
1073,113,19
1074,114,4
1075,114,60
1076,114,61
1077,114,58
1079,114,62
1082,114,118
1085,114,49
1086,114,50
1087,114,66
1092,114,76
1093,114,78
1094,114,100
1095,114,112
1096,114,79
1097,114,80
1098,114,81
1099,114,19
1100,114,59
1101,114,3
1102,114,20
1103,114,116
1104,114,92
1105,114,23
1108,114,73
1112,114,12
1114,114,106
1121,114,108
1125,114,37
1129,114,41
1131,114,43
1133,114,93
1135,114,96
1137,115,4
1138,115,60
1139,115,61
1140,115,58
1142,115,62
1143,115,110
1144,115,48
1145,115,118
1147,115,2
1148,115,49
1149,115,50
1150,115,66
1152,115,71
1154,115,75
1155,115,76
1156,115,78
1157,115,100
1158,115,112
1159,115,79
1160,115,80
1161,115,81
1162,115,19
1163,115,59
1164,115,3
1165,115,20
1166,115,116
1167,115,92
1168,115,23
1171,115,73
1175,115,12
1177,115,106
1184,115,108
1188,115,37
1192,115,41
1194,115,43
1196,115,93
1198,115,96
1200,116,118
1203,116,49
1204,116,66
1210,116,76
1212,116,99
1213,116,3
1214,116,73
1216,116,12
1217,117,118
1219,117,2
1220,117,49
1221,117,66
1223,117,71
1224,117,69
1226,117,75
1227,117,76
1228,117,17
1229,117,99
1230,117,3
1231,117,73
1233,118,6
1234,118,7
1235,118,4
1237,118,53
1238,118,45
1239,118,54
1243,118,16
1244,118,15
1245,118,60
1246,118,46
1248,118,109
1250,118,61
1251,118,58
1253,118,62
1254,118,110
1255,118,48
1256,118,49
1257,118,50
1258,118,51
1259,118,101
1261,118,67
1263,118,77
1264,118,78
1265,118,88
1266,118,100
1267,118,112
1268,118,79
1269,118,80
1270,118,81
1271,118,9
1272,118,91
1273,118,20
1274,118,116
1275,118,92
1277,118,21
1278,118,22
1279,118,23
1282,118,104
1285,118,84
1287,118,24
1289,118,26
1292,118,105
1293,118,106
1300,118,108
1304,118,37
1308,118,41
1310,118,43
1312,118,93
1314,118,95
1315,118,96
1317,118,85
1318,118,86
1319,118,98
1320,118,117
1322,120,118
1323,121,118
1326,68,58
1328,68,62
1337,67,58
1339,67,62
1346,68,6
1349,68,26
1353,122,6
1354,122,7
1355,122,4
1356,122,16
1357,122,15
1359,122,2
1361,122,71
1362,122,69
1364,122,75
1365,122,76
1366,122,77
1367,122,78
1368,122,112
1369,122,79
1370,122,80
1371,122,81
1372,122,3
1375,122,73
1379,122,84
1380,122,85
1381,122,86
1382,67,6
1383,67,66
1386,67,84
1387,67,26
1442,125,6
1443,125,7
1444,125,4
1445,125,16
1446,125,15
1447,125,60
1448,125,61
1449,125,58
1451,125,62
1454,125,50
1455,125,67
1457,125,77
1458,125,78
1459,125,112
1460,125,9
1461,125,91
1462,125,116
1465,125,104
1468,125,84
1469,125,24
1471,125,26
1474,125,105
1475,125,108
1479,125,37
1480,125,41
1482,125,43
1484,125,93
1488,126,6
1489,126,7
1490,126,4
1491,126,16
1492,126,15
1493,126,60
1494,126,61
1495,126,58
1497,126,62
1500,126,50
1501,126,67
1503,126,77
1504,126,78
1505,126,112
1506,126,9
1507,126,91
1508,126,116
1511,126,104
1514,126,84
1515,126,24
1517,126,26
1520,126,105
1521,126,108
1525,126,37
1526,126,41
1528,126,43
1530,126,93
1577,128,4
1578,128,60
1579,128,61
1580,128,62
1581,128,110
1582,128,48
1583,128,118
1585,128,2
1586,128,49
1587,128,50
1588,128,66
1589,128,51
1591,128,71
1593,128,75
1594,128,76
1595,128,78
1596,128,100
1597,128,79
1598,128,80
1599,128,81
1600,128,19
1601,128,59
1602,128,3
1603,128,20
1604,128,116
1605,128,92
1607,128,22
1608,128,23
1609,128,73
1611,128,104
1613,128,12
1614,128,84
1616,128,106
1623,128,108
1627,128,37
1631,128,41
1633,128,43
1635,128,93
1637,128,95
1638,128,96
1640,128,98
1641,128,117
1670,131,60
1671,131,61
1672,131,58
1674,131,62
1675,131,110
1676,131,48
1677,131,59
1678,132,45
1679,132,54
1683,132,61
1684,132,58
1686,132,62
1687,132,110
1688,132,48
1689,132,49
1690,132,50
1691,132,51
1767,143,45
1768,143,54
1772,143,61
1773,143,58
1775,143,62
1776,143,110
1777,143,48
1778,143,49
1779,143,50
1780,143,51
1799,149,76
1801,151,76
1802,152,76
1836,160,61
1837,160,110
1838,160,48
1839,160,50
1843,163,61
1844,163,110
1845,163,48
1846,163,49
1847,163,50
1848,163,51
1849,164,101
1858,166,101
1860,167,101
1862,168,4
1863,168,60
1864,168,61
1865,168,62
1866,168,110
1867,168,48
1868,168,118
1870,168,2
1871,168,49
1872,168,50
1873,168,66
1874,168,51
1876,168,71
1878,168,75
1879,168,76
1880,168,78
1881,168,100
1882,168,79
1883,168,80
1884,168,81
1885,168,19
1886,168,3
1887,168,20
1888,168,116
1889,168,92
1891,168,21
1892,168,22
1893,168,23
1894,168,73
1896,168,104
1898,168,12
1899,168,84
1901,168,106
1908,168,108
1912,168,37
1916,168,41
1918,168,43
1920,168,93
1922,168,95
1923,168,96
1925,168,98
1926,168,117
1927,169,60
1928,169,59
1929,170,101
1933,172,21
1952,175,21
1969,176,104
1970,177,104
1973,178,104
1992,180,105
1997,181,105
1998,182,105
2000,183,106
2007,184,106
2014,185,106
2021,187,109
2024,189,109
2027,190,109
2030,191,2
2031,191,3
2032,192,110
2033,193,118
2034,193,66
2035,194,110
2036,195,78
2037,196,78
2041,198,78
2042,199,112
2043,200,118
2045,201,118
2046,201,66
2047,202,112
2048,203,112
2049,204,116
2050,205,116
2053,207,116
2057,209,93
2059,210,98
2060,211,117
2070,213,93
2073,215,98
2082,217,118
2083,217,66
2084,218,117
2085,219,117
2086,220,118
2087,220,66
2090,221,3
2100,223,2
2101,223,3
2102,224,118
2103,224,66
2114,227,67
2116,228,93
2118,228,95
2119,228,96
2121,228,98
2122,228,117
2123,229,95
2124,230,116
2125,230,92
2126,230,93
2128,230,95
2129,230,96
2131,230,117
2141,232,116
2142,232,92
2143,232,93
2145,232,95
2146,232,96
2148,232,117
2150,233,2
2151,233,3
2161,235,62
2162,235,110
2164,235,78
2165,235,112
2166,235,79
2167,235,80
2168,235,81
2169,235,19
2170,235,59
2171,235,20
2172,235,116
2173,235,92
2175,235,21
2176,235,22
2177,235,23
2178,235,73
2180,235,104
2183,235,106
2190,235,37
2194,235,41
2196,235,43
2198,235,93
2200,235,95
2201,235,96
2203,235,85
2204,235,86
2205,235,98
2206,235,117
2211,237,116
2212,237,92
2213,237,93
2215,237,95
2216,237,96
2218,237,98
2219,237,117
2220,238,116
2221,238,92
2222,238,93
2224,238,95
2225,238,96
2227,238,98
2228,238,117
2232,241,67
2236,243,67
2238,244,67
2240,245,67
2242,246,67
2244,247,67
2315,257,118
2316,257,66
2317,258,59
2318,258,3
2319,259,59
2320,259,3
2321,260,4
2322,260,15
2323,260,60
2324,260,48
2325,260,100
2326,260,80
2327,260,81
2328,260,20
2329,260,73
2332,260,108
2336,260,37
2340,261,4
2341,261,15
2342,261,60
2343,261,48
2344,261,100
2345,261,80
2346,261,81
2347,261,20
2348,261,73
2351,261,108
2360,263,2
2361,263,3
2669,280,4
2670,280,15
2671,280,77
2672,280,78
2673,280,91
2674,280,106
2681,281,50
2682,281,80
2683,281,81
2684,281,19
2685,281,92
2686,281,22
2687,281,23
2688,281,73
2691,281,96
2786,288,118
2787,288,66
2788,288,71
2837,299,118
2838,299,66
2839,300,66
2840,301,7
2841,301,4
2842,301,62
2843,301,48
2846,301,84
2847,301,108
2851,301,37
2852,301,43
2853,301,93
2856,302,2
2857,302,3
2858,303,118
2859,303,71
2860,304,7
2861,304,4
2862,304,62
2863,304,48
2866,304,84
2867,304,108
2868,304,37
2869,304,43
2870,304,93
2872,305,118
2873,305,71
2894,309,2
2895,309,3
2939,312,2
2940,312,3
3043,318,118
3044,318,66
3046,319,2
3047,319,3
3049,320,2
3050,320,3
3051,321,4
3052,321,15
3053,321,60
3054,321,48
3055,321,66
3056,321,100
3057,321,80
3058,321,81
3059,321,20
3060,321,73
3063,321,108
3067,321,37
3071,322,118
3072,322,66
3076,324,2
3077,324,3
3078,325,118
3079,325,66
3080,326,118
3081,326,66
3084,328,118
3086,329,118
3087,329,66
3088,330,118
3089,330,66
3090,331,118
3091,331,66
3092,332,118
3093,332,66
3094,333,66
3096,335,116
3097,335,92
3098,335,93
3100,335,95
3101,335,96
3103,335,98
3104,335,117
3105,336,46
3106,336,109
3107,336,61
3108,336,58
3110,336,62
3111,336,110
3112,336,48
3114,336,75
3115,336,78
3116,336,88
3117,336,100
3118,336,112
3119,336,80
3120,336,81
3121,336,19
3122,336,59
3123,336,20
3124,336,116
3125,336,92
3127,336,21
3128,336,22
3129,336,23
3130,336,73
3132,336,104
3135,336,84
3136,336,106
3143,336,108
3147,336,37
3151,336,41
3153,336,43
3155,336,93
3157,336,95
3158,336,96
3160,336,85
3161,336,86
3162,336,98
3163,336,117
3164,337,116
3165,337,92
3166,337,93
3168,337,95
3169,337,96
3171,337,117
3172,338,116
3173,338,92
3174,338,93
3176,338,95
3177,338,96
3179,338,98
3180,338,117
3190,343,118
3286,373,6
3287,373,7
3288,373,4
3290,373,53
3291,373,45
3292,373,54
3296,373,16
3297,373,15
3298,373,60
3299,373,46
3301,373,109
3303,373,61
3304,373,58
3306,373,62
3307,373,110
3308,373,48
3309,373,118
3310,373,49
3311,373,50
3312,373,51
3313,373,101
3315,373,67
3317,373,77
3318,373,78
3319,373,88
3320,373,100
3321,373,112
3322,373,79
3323,373,80
3324,373,81
3325,373,19
3326,373,9
3327,373,90
3328,373,91
3329,373,20
3330,373,116
3331,373,92
3333,373,21
3334,373,22
3335,373,23
3338,373,104
3341,373,12
3342,373,84
3344,373,24
3346,373,26
3349,373,105
3350,373,106
3357,373,108
3361,373,37
3365,373,41
3367,373,43
3369,373,93
3371,373,95
3372,373,96
3374,373,85
3375,373,98
3376,373,117
3377,374,6
3378,374,7
3379,374,4
3381,374,53
3382,374,45
3383,374,54
3387,374,16
3388,374,15
3389,374,60
3390,374,46
3392,374,109
3394,374,61
3395,374,58
3397,374,62
3398,374,110
3399,374,48
3400,374,49
3401,374,50
3402,374,51
3403,374,101
3405,374,67
3407,374,77
3408,374,78
3409,374,88
3410,374,100
3411,374,112
3412,374,79
3413,374,80
3414,374,81
3415,374,19
3416,374,9
3417,374,91
3418,374,20
3419,374,116
3420,374,92
3422,374,21
3423,374,22
3424,374,23
3427,374,104
3430,374,84
3432,374,24
3434,374,26
3437,374,105
3438,374,106
3445,374,108
3449,374,37
3453,374,41
3455,374,43
3457,374,93
3459,374,95
3460,374,96
3462,374,85
3463,374,86
3464,374,98
3465,374,117
3466,375,6
3467,375,7
3468,375,4
3470,375,53
3471,375,45
3472,375,54
3476,375,16
3477,375,15
3478,375,60
3483,375,61
3484,375,58
3486,375,62
3489,375,49
3490,375,50
3491,375,51
3492,375,101
3494,375,67
3496,375,77
3497,375,78
3498,375,88
3499,375,100
3500,375,112
3501,375,79
3502,375,80
3503,375,81
3504,375,19
3505,375,9
3506,375,91
3507,375,20
3508,375,92
3510,375,21
3511,375,22
3512,375,23
3515,375,104
3518,375,84
3520,375,24
3522,375,26
3525,375,105
3526,375,106
3533,375,108
3537,375,37
3541,375,41
3543,375,43
3545,375,93
3547,375,95
3551,375,98
3552,375,117
3553,370,6
3554,370,7
3555,370,4
3557,370,53
3558,370,45
3559,370,54
3563,370,16
3564,370,15
3565,370,60
3570,370,61
3571,370,58
3573,370,62
3576,370,49
3577,370,50
3578,370,66
3579,370,51
3580,370,101
3582,370,67
3584,370,77
3585,370,78
3586,370,88
3587,370,100
3588,370,112
3589,370,79
3590,370,80
3591,370,81
3592,370,19
3593,370,9
3594,370,90
3595,370,91
3596,370,20
3597,370,116
3598,370,92
3600,370,21
3601,370,22
3602,370,23
3605,370,73
3607,370,104
3610,370,84
3612,370,24
3614,370,26
3617,370,105
3618,370,106
3625,370,108
3629,370,37
3633,370,41
3635,370,43
3637,370,93
3639,370,95
3640,370,96
3644,370,98
3645,370,117
3646,371,6
3647,371,7
3648,371,4
3650,371,53
3651,371,45
3652,371,54
3656,371,16
3657,371,15
3658,371,60
3659,371,46
3661,371,109
3663,371,61
3664,371,58
3666,371,62
3667,371,110
3668,371,48
3669,371,49
3670,371,50
3671,371,51
3672,371,101
3674,371,67
3676,371,77
3677,371,78
3678,371,88
3679,371,100
3680,371,112
3681,371,79
3682,371,80
3683,371,81
3684,371,19
3685,371,9
3686,371,90
3687,371,91
3688,371,20
3689,371,116
3690,371,92
3692,371,21
3693,371,22
3694,371,23
3697,371,104
3700,371,84
3702,371,24
3704,371,26
3707,371,105
3708,371,106
3715,371,108
3719,371,37
3723,371,41
3725,371,43
3727,371,93
3729,371,95
3730,371,96
3732,371,85
3733,371,86
3734,371,98
3735,371,117
3736,372,6
3737,372,7
3738,372,4
3740,372,53
3741,372,45
3742,372,54
3746,372,16
3747,372,15
3748,372,60
3749,372,46
3751,372,109
3753,372,61
3754,372,58
3756,372,62
3757,372,110
3758,372,48
3759,372,49
3760,372,50
3761,372,51
3762,372,67
3764,372,77
3765,372,78
3766,372,88
3767,372,100
3768,372,112
3769,372,79
3770,372,80
3771,372,81
3772,372,19
3773,372,9
3774,372,90
3775,372,91
3776,372,20
3777,372,116
3778,372,92
3780,372,21
3781,372,22
3782,372,23
3785,372,104
3788,372,12
3789,372,84
3791,372,24
3793,372,26
3796,372,105
3797,372,106
3804,372,108
3808,372,37
3812,372,41
3814,372,43
3816,372,93
3818,372,95
3819,372,96
3821,372,85
3822,372,86
3823,372,98
3824,372,117
3825,365,6
3826,365,7
3827,365,4
3829,365,53
3830,365,45
3831,365,54
3835,365,16
3836,365,60
3837,365,46
3839,365,109
3841,365,61
3842,365,58
3844,365,62
3845,365,110
3846,365,48
3847,365,49
3848,365,50
3849,365,66
3850,365,51
3852,365,101
3854,365,67
3856,365,77
3857,365,78
3858,365,88
3859,365,100
3860,365,112
3861,365,79
3862,365,80
3863,365,81
3864,365,19
3865,365,9
3866,365,91
3867,365,20
3868,365,116
3869,365,92
3871,365,21
3872,365,22
3873,365,23
3876,365,104
3879,365,12
3880,365,84
3882,365,24
3884,365,26
3887,365,105
3888,365,106
3895,365,108
3899,365,37
3903,365,41
3905,365,43
3907,365,93
3909,365,95
3910,365,96
3912,365,85
3913,365,86
3914,365,98
3915,365,117
3917,363,6
3918,363,7
3919,363,4
3921,363,53
3922,363,54
3926,363,16
3927,363,60
3928,363,46
3930,363,109
3932,363,61
3933,363,58
3935,363,62
3936,363,110
3937,363,48
3938,363,49
3939,363,50
3940,363,101
3942,363,77
3943,363,78
3944,363,88
3945,363,100
3946,363,112
3947,363,79
3948,363,80
3949,363,81
3950,363,19
3951,363,9
3952,363,91
3953,363,20
3954,363,116
3955,363,92
3957,363,21
3958,363,22
3961,363,104
3964,363,84
3966,363,24
3968,363,26
3971,363,105
3972,363,106
3979,363,108
3983,363,37
3987,363,41
3989,363,43
3991,363,93
3993,363,95
3994,363,96
3996,363,85
3997,363,86
3998,363,98
3999,363,117
4000,364,6
4001,364,7
4002,364,4
4004,364,53
4005,364,45
4006,364,54
4010,364,16
4011,364,15
4012,364,60
4013,364,46
4015,364,109
4017,364,61
4018,364,58
4020,364,62
4021,364,110
4022,364,48
4023,364,49
4024,364,50
4025,364,51
4026,364,17
4027,364,99
4028,364,119
4029,364,89
4030,364,101
4032,364,67
4034,364,77
4035,364,78
4036,364,88
4037,364,100
4038,364,112
4039,364,79
4040,364,80
4041,364,81
4042,364,19
4043,364,9
4044,364,90
4045,364,91
4046,364,20
4047,364,116
4048,364,92
4050,364,21
4051,364,22
4052,364,23
4055,364,104
4058,364,12
4059,364,84
4061,364,24
4063,364,26
4066,364,105
4067,364,106
4074,364,108
4078,364,37
4082,364,41
4084,364,43
4086,364,93
4088,364,95
4089,364,96
4091,364,85
4092,364,86
4093,364,98
4094,364,117
4095,366,6
4096,366,7
4097,366,4
4099,366,53
4100,366,45
4101,366,54
4105,366,16
4106,366,15
4107,366,60
4108,366,46
4110,366,109
4112,366,61
4113,366,58
4115,366,62
4116,366,110
4117,366,48
4118,366,49
4119,366,50
4120,366,51
4121,366,119
4122,366,89
4123,366,101
4125,366,67
4127,366,77
4128,366,78
4129,366,88
4130,366,100
4131,366,112
4132,366,79
4133,366,80
4134,366,81
4135,366,19
4136,366,59
4137,366,9
4138,366,90
4139,366,3
4140,366,91
4141,366,20
4142,366,116
4143,366,92
4145,366,21
4146,366,22
4147,366,23
4150,366,73
4152,366,104
4153,366,120
4156,366,12
4157,366,84
4159,366,24
4161,366,26
4164,366,105
4165,366,106
4172,366,108
4176,366,37
4180,366,41
4182,366,43
4184,366,93
4186,366,95
4187,366,96
4189,366,85
4190,366,86
4191,366,98
4192,366,117
4193,367,6
4194,367,7
4195,367,4
4197,367,53
4198,367,45
4199,367,54
4203,367,16
4204,367,15
4205,367,60
4206,367,46
4208,367,109
4210,367,61
4211,367,58
4213,367,62
4214,367,110
4215,367,48
4216,367,49
4217,367,50
4218,367,51
4219,367,17
4220,367,99
4221,367,119
4222,367,101
4224,367,67
4226,367,77
4227,367,78
4228,367,88
4229,367,100
4230,367,112
4231,367,79
4232,367,80
4233,367,81
4234,367,19
4235,367,9
4236,367,90
4237,367,91
4238,367,20
4239,367,116
4240,367,92
4242,367,21
4243,367,22
4244,367,23
4247,367,104
4250,367,12
4251,367,84
4253,367,24
4255,367,26
4258,367,105
4259,367,106
4266,367,108
4270,367,37
4274,367,41
4276,367,43
4278,367,93
4280,367,95
4281,367,96
4283,367,85
4284,367,86
4285,367,98
4286,367,117
4287,368,6
4288,368,7
4289,368,4
4291,368,53
4292,368,45
4293,368,54
4297,368,60
4298,368,46
4300,368,109
4302,368,61
4303,368,58
4305,368,62
4306,368,110
4307,368,48
4308,368,49
4309,368,50
4310,368,51
4311,368,17
4312,368,99
4313,368,119
4314,368,89
4315,368,101
4317,368,67
4319,368,77
4320,368,78
4321,368,88
4322,368,100
4323,368,112
4324,368,79
4325,368,80
4326,368,81
4327,368,19
4328,368,59
4329,368,9
4330,368,90
4331,368,91
4332,368,20
4333,368,116
4334,368,92
4336,368,21
4337,368,22
4338,368,23
4341,368,104
4344,368,12
4345,368,84
4347,368,24
4349,368,26
4352,368,105
4353,368,106
4360,368,108
4364,368,37
4368,368,41
4370,368,43
4372,368,93
4374,368,95
4375,368,96
4377,368,85
4378,368,86
4379,368,98
4380,368,117
4381,369,6
4382,369,7
4383,369,4
4385,369,53
4386,369,45
4387,369,54
4391,369,16
4392,369,15
4393,369,60
4394,369,46
4396,369,109
4398,369,61
4399,369,58
4401,369,62
4402,369,110
4403,369,48
4404,369,49
4405,369,50
4406,369,51
4407,369,119
4408,369,89
4409,369,101
4411,369,67
4413,369,77
4414,369,78
4415,369,88
4416,369,100
4417,369,112
4418,369,79
4419,369,80
4420,369,81
4421,369,19
4422,369,9
4423,369,90
4424,369,91
4425,369,20
4426,369,116
4427,369,92
4429,369,21
4430,369,22
4431,369,23
4434,369,104
4437,369,84
4439,369,24
4441,369,26
4444,369,105
4445,369,106
4452,369,108
4456,369,37
4460,369,41
4462,369,43
4464,369,93
4466,369,95
4467,369,96
4469,369,85
4470,369,86
4471,369,98
4472,369,117
4492,468,4
4493,468,16
4494,468,15
4495,468,60
4496,468,17
4497,468,101
4498,468,73
4500,468,26
4503,468,108
4507,468,37
4508,468,41
4510,468,43
4511,592,46
4513,592,109
4514,592,61
4515,592,62
4516,592,110
4517,592,48
4518,592,49
4519,592,50
4521,592,71
4522,592,69
4524,592,75
4525,592,76
4526,592,17
4527,592,99
4528,592,119
4529,592,78
4530,592,100
4531,592,112
4532,592,79
4533,592,80
4534,592,81
4535,592,19
4536,592,59
4537,592,20
4538,592,116
4539,592,92
4541,592,21
4542,592,22
4543,592,23
4546,592,73
4548,592,104
4551,592,84
4552,592,106
4559,592,108
4563,592,37
4567,592,41
4569,592,43
4571,592,93
4573,592,95
4574,592,96
4576,592,85
4577,592,86
4578,592,98
4579,592,117
4580,593,109
4582,593,62
4583,593,110
4584,593,48
4585,593,49
4586,593,50
4587,593,51
4589,593,71
4590,593,69
4592,593,75
4593,593,76
4594,593,17
4595,593,99
4596,593,119
4597,593,78
4598,593,100
4599,593,112
4600,593,79
4601,593,80
4602,593,81
4603,593,19
4604,593,59
4605,593,20
4606,593,116
4607,593,92
4609,593,21
4610,593,22
4611,593,23
4614,593,73
4616,593,104
4619,593,84
4620,593,105
4621,593,106
4628,593,108
4632,593,37
4636,593,41
4638,593,43
4640,593,93
4642,593,95
4643,593,96
4645,593,85
4646,593,86
4647,593,98
4648,593,117
4649,594,61
4650,594,62
4655,594,49
4656,594,50
4662,594,76
4664,594,99
4665,594,78
4666,594,88
4667,594,100
4668,594,112
4669,594,79
4670,594,80
4671,594,81
4672,594,19
4673,594,59
4674,594,3
4675,594,20
4676,594,116
4677,594,92
4679,594,21
4680,594,22
4681,594,23
4682,594,73
4684,594,104
4685,594,120
4688,594,84
4690,594,24
4691,594,105
4692,594,106
4699,594,108
4703,594,37
4707,594,41
4709,594,43
4711,594,93
4713,594,95
4714,594,96
4718,594,98
4719,594,117
4722,595,71
4724,595,75
4725,595,76
4726,595,73
4754,394,71
4755,394,76
5328,624,92
5329,624,93
5331,624,117
5332,625,96
5920,281,20
5924,629,96
5926,630,96
5928,631,96
5932,633,118
5934,639,106
5935,638,118
5936,640,106
5937,641,75
5938,642,118
5940,644,106
5941,645,76
5942,646,23
5943,647,49
6030,654,4
6031,654,60
6032,654,61
6033,654,62
6034,654,110
6035,654,48
6036,654,118
6037,654,2
6038,654,49
6039,654,50
6040,654,66
6041,654,51
6043,654,71
6044,654,75
6045,654,76
6046,654,121
6047,654,17
6048,654,78
6049,654,100
6050,654,79
6051,654,80
6052,654,81
6053,654,19
6054,654,59
6055,654,3
6056,654,20
6057,654,116
6058,654,92
6059,654,21
6060,654,22
6061,654,23
6062,654,73
6064,654,104
6065,654,12
6066,654,84
6067,654,106
6068,654,108
6069,654,37
6070,654,41
6071,654,43
6072,654,93
6074,654,95
6075,654,96
6077,654,98
6078,654,117
6340,661,3
6344,663,59
6345,663,3
6346,664,59
6347,664,3
6348,665,4
6349,665,60
6350,665,61
6351,665,48
6352,665,118
6353,665,66
6354,665,121
6355,665,119
6356,665,79
6357,665,80
6358,665,81
6359,665,59
6360,665,3
6361,665,20
6362,665,23
6364,665,73
6366,665,120
6367,665,84
6368,665,106
6369,665,108
6370,665,37
6371,665,41
6487,685,6
6488,686,7
6489,687,4
6490,688,15
6491,689,17
6492,690,100
6493,691,7
6494,691,17
6495,692,100
6498,694,15
6521,697,7
6522,697,15
6523,697,17
6524,698,100
6525,699,4
6526,700,7
6527,700,15
6528,700,17
6529,701,4
6530,701,15
6531,701,60
6532,701,61
6533,701,48
6534,701,118
6535,701,50
6536,701,66
6537,701,121
6538,701,79
6539,701,80
6540,701,81
6541,701,59
6542,701,20
6543,701,73
6545,701,120
6546,701,84
6547,701,37
6548,702,92
6549,702,93
6551,703,96
6823,743,96
6882,747,61
6883,748,60
6884,748,109
6885,748,61
6886,748,62
6887,748,110
6888,748,48
6889,748,49
6890,748,50
6891,748,51
6892,748,123
6893,748,59
6901,750,61
6911,752,61
6912,752,62
6913,752,110
6914,752,48
6915,752,49
6916,752,50
6917,752,123
6918,752,59
6939,117,124
6942,288,124
6946,101,124
6948,103,124
6950,104,124
6952,106,124
6954,107,124
6956,108,124
6958,109,124
6960,115,124
6964,128,124
6972,193,124
7008,324,124
7032,592,124
7042,654,124
7060,336,124
7063,748,124
7070,595,124
7241,90,125
7242,88,125
7243,82,125
7245,131,125
7248,169,125
7292,777,2
7418,797,127
7534,280,127
7535,280,128
7536,280,129
7542,816,100
7543,816,80
7544,816,81
7545,816,106
7546,817,60
7547,817,58
7548,817,62
7551,817,78
7552,817,93
7554,818,20
7555,818,106
7556,818,96
7558,819,100
7559,819,80
7560,819,81
7561,819,20
7562,819,106
7563,819,96
7565,820,100
7566,820,80
7567,820,81
7568,820,20
7569,820,106
7570,820,96
7572,821,100
7573,821,80
7574,821,81
7575,821,20
7576,821,106
7577,821,96
7579,822,100
7580,822,80
7581,822,81
7582,822,20
7583,822,106
7584,822,96
7586,823,100
7587,823,80
7588,823,81
7589,823,20
7590,823,106
7591,823,96
7593,824,100
7594,824,80
7595,824,81
7596,824,20
7597,824,106
7598,824,96
7600,825,100
7601,825,80
7602,825,81
7603,825,20
7604,825,106
7605,825,96
7607,826,100
7608,826,106
7609,827,100
7610,827,80
7611,827,81
7612,827,20
7613,827,106
7614,827,96
7616,828,60
7617,828,58
7618,828,62
7621,828,78
7622,828,84
7623,828,93
7625,829,60
7626,829,58
7627,829,62
7630,829,78
7631,829,84
7632,829,93
7634,830,60
7635,830,58
7636,830,62
7639,830,78
7640,830,84
7641,830,93
7643,831,60
7644,831,58
7645,831,62
7648,831,78
7649,831,84
7650,831,93
7652,832,60
7653,832,58
7654,832,62
7657,832,78
7658,832,84
7659,832,93
7661,833,60
7662,833,58
7663,833,62
7666,833,78
7667,833,84
7668,833,93
7671,834,80
7672,834,81
7673,834,20
7674,834,106
7675,834,96
7683,836,60
7684,836,62
7687,836,78
7688,836,100
7689,836,80
7690,836,81
7691,836,93
7693,837,106
7694,838,106
7695,839,106
7696,840,100
7697,840,80
7698,840,81
7699,840,20
7700,840,106
7701,840,96
7703,841,60
7704,841,58
7705,841,62
7708,841,84
7709,841,93
7722,255,59
7723,255,128
7724,255,93
7726,255,129
7727,255,95
7728,255,96
7778,861,130
7780,863,130
7784,874,93
7786,874,129
7788,873,121
7789,873,73
7791,873,131
7792,873,120
7793,873,124
7805,876,15
7806,876,60
7807,876,46
7808,876,61
7809,876,58
7810,876,62
7811,876,110
7812,876,48
7813,876,125
7814,876,118
7815,876,2
7816,876,49
7817,876,50
7818,876,66
7819,876,51
7821,876,71
7822,876,69
7823,876,75
7825,876,76
7826,876,121
7827,876,123
7828,876,126
7829,876,127
7830,876,119
7831,876,78
7832,876,100
7833,876,79
7834,876,80
7835,876,81
7836,876,19
7837,876,59
7838,876,3
7839,876,20
7840,876,92
7841,876,21
7842,876,22
7843,876,23
7844,876,73
7846,876,104
7847,876,131
7848,876,120
7849,876,84
7850,876,124
7851,876,108
7852,876,37
7853,876,41
7854,876,128
7855,876,93
7857,876,129
7858,876,95
7859,876,96
7861,876,85
7862,876,86
7863,877,75
7865,877,76
7866,877,73
7868,862,131
7869,863,131
7875,322,133
7877,876,133
7878,876,106
7879,876,130
7880,318,133
7881,128,125
7882,128,133
7883,128,121
7884,128,123
7885,128,126
7886,128,127
7887,128,119
7888,128,67
7889,128,131
7890,128,120
7891,128,130
7892,128,128
7893,128,129
7899,217,133
7901,332,133
7904,224,133
7911,331,133
7919,300,133
7920,333,133
7927,325,133
7928,326,133
7929,193,133
7939,329,133
7940,330,133
7957,701,131
7958,701,124
7959,701,130
7960,665,131
7961,665,130
7962,878,131
7963,878,130
7964,878,132
7965,878,134
7966,878,136
7967,873,132
7968,873,135
7969,873,134
7970,873,136
7971,873,130
7972,879,118
7973,879,66
7974,879,133
7975,880,118
7976,880,66
7977,880,133
7991,861,76
7992,861,121
7993,861,126
7994,861,127
7995,861,119
7996,861,100
7997,861,19
7998,861,20
7999,861,21
8000,861,22
8001,861,73
8003,861,104
8004,861,131
8005,861,135
8006,861,134
8007,861,124
8008,861,106
8009,861,108
8010,861,37
8011,861,41
8012,861,43
8013,861,128
8014,861,93
8015,861,129
8016,861,95
8170,893,134
8171,894,134
8172,902,131
8173,902,132
8174,903,92
8175,903,93
8177,905,137
8178,906,130
8179,907,19
8180,907,108
8181,907,37
8182,907,130
8183,907,137
8184,907,129
8185,907,95
8186,907,96
8187,908,79
8188,908,19
8189,908,92
8190,908,73
8192,908,131
8193,908,132
8194,908,124
8195,908,106
8196,908,108
8197,908,37
8198,908,128
8199,908,93
8201,908,137
8202,908,129
8203,908,95
8204,908,96
8205,909,4
8206,909,60
8207,909,61
8208,909,118
8209,909,121
8210,909,119
8211,909,59
8212,909,73
8214,909,131
8215,909,132
8216,909,106
8217,909,130
8218,910,92
8219,910,128
8220,910,93
8222,910,137
8223,910,129
8224,910,95
8225,910,96
8226,911,135
8230,797,138
8232,747,134
8236,371,134
8237,372,134
8238,373,134
8239,374,134
8240,375,134
8241,370,134
8250,280,134
8255,876,132
8256,876,135
8257,876,134
8259,892,134
8322,797,139
8351,937,121
8354,945,2
8355,945,3
8356,946,2
8357,946,3
8358,947,2
8359,947,3
8360,948,2
8361,948,3
8362,949,2
8363,949,3
8365,950,76
8366,950,121
8367,950,123
8368,950,138
8369,950,100
8370,950,19
8371,950,59
8372,950,3
8373,950,139
8374,950,92
8375,950,21
8376,950,73
8378,950,131
8379,950,132
8380,950,134
8381,950,124
8382,950,130
8383,950,93
8385,950,137
8386,950,129
8387,950,96
8530,876,142
8563,962,146
8564,962,145
8565,962,125
8566,962,144
8571,964,146
8573,964,144
8588,967,146
8589,967,145
8595,968,146
8596,968,145
8597,968,144
8598,969,145
8599,970,146
8600,970,60
8601,970,145
8602,970,46
8603,970,109
8604,970,61
8605,970,58
8606,970,62
8607,970,110
8608,970,48
8609,970,125
8610,970,2
8611,970,144
8617,972,145
8620,973,146
8621,973,145
8622,973,110
8623,973,48
8624,973,125
8625,973,144
8626,973,49
8627,973,50
8628,973,51
8629,973,59
8657,876,145
8658,876,138
8659,876,139
8660,876,91
8661,876,143
8662,876,43
8701,974,146
8702,974,145
8709,978,120
8710,979,120
8711,980,120
8713,982,124
8725,988,136
8726,989,132
8727,990,136
8731,994,129
8732,995,130
8733,996,131
8734,996,130
8735,997,131
8736,997,130
8740,1001,131
8741,1001,130
8845,1001,121
8846,1001,126
8847,1001,119
8848,1001,138
8849,1001,80
8850,1001,143
8851,1001,132
8852,1001,134
8853,1001,129
8854,1015,100
8855,1015,135
8856,1015,134
8857,1016,126
8858,1016,77
8859,1016,78
8860,1016,79
8861,1016,80
8862,1016,81
8865,1016,84
8868,1017,60
8870,1017,61
8871,1017,58
8872,1017,50
8873,1017,59
8880,1018,76
8881,1018,121
8882,1018,20
8883,1018,21
8884,1018,22
8885,1018,23
8886,1018,73
8888,1018,131
8889,1018,132
8890,1018,26
8891,1018,106
8892,1018,108
8893,1018,37
8894,1018,130
8895,1018,137
8896,1019,135
8897,1019,134
8898,1020,126
8899,1020,78
8900,1020,80
8901,1020,81
8902,1020,84
8910,1022,76
8911,1022,121
8912,1022,20
8913,1022,21
8914,1022,22
8915,1022,23
8916,1022,73
8918,1022,131
8919,1022,120
8920,1022,132
8921,1022,106
8922,1022,108
8923,1022,130
8924,1022,137
8926,1019,100
8936,937,142
8937,937,138
8938,937,120
8939,937,134
8940,937,124
8941,937,93
8942,937,129
8943,937,95
8944,937,96
8945,1025,76
8946,1025,121
8947,1025,123
8948,1025,138
8950,1025,100
8951,1025,79
8952,1025,81
8953,1025,59
8954,1025,3
8955,1025,139
8956,1025,92
8957,1025,143
8958,1025,22
8959,1025,23
8960,1025,73
8962,1025,131
8963,1025,132
8964,1025,135
8965,1025,134
8966,1025,124
8967,1025,106
8968,1025,130
8969,1025,93
8971,1025,129
8972,1025,95
8973,1025,96
8975,1027,131
8976,1027,132
8977,1027,106
8978,1027,108
8979,1027,130
9013,1030,131
9014,1030,130
9017,1032,130
9018,1037,138
9020,1039,135
9021,1039,134
9022,1040,135
9023,1041,135
9024,1041,134
9025,1042,134
9026,1043,145
9027,1044,145
9028,1044,61
9029,1044,125
9030,1044,144
9032,1033,144
9034,1033,142
9036,1033,76
9037,1033,121
9038,1033,123
9039,1033,126
9040,1033,127
9041,1033,138
9043,1033,100
9044,1033,59
9045,1033,3
9046,1033,139
9047,1033,92
9048,1033,143
9049,1033,73
9051,1033,131
9052,1033,120
9053,1033,84
9054,1033,132
9055,1033,135
9056,1033,134
9057,1033,124
9058,1033,136
9059,1033,128
9060,1033,93
9062,1033,129
9063,1033,95
9064,1033,96
9066,1034,144
9067,1034,50
9069,1034,142
9071,1034,76
9072,1034,121
9073,1034,123
9074,1034,138
9076,1034,100
9077,1034,59
9078,1034,3
9079,1034,139
9080,1034,92
9081,1034,143
9082,1034,73
9084,1034,104
9085,1034,131
9086,1034,120
9087,1034,84
9088,1034,132
9089,1034,135
9090,1034,134
9091,1034,128
9092,1034,93
9094,1034,129
9095,1034,95
9096,1034,96
9099,1035,142
9101,1035,76
9102,1035,121
9103,1035,123
9104,1035,138
9106,1035,100
9107,1035,59
9108,1035,140
9109,1035,3
9110,1035,139
9111,1035,92
9112,1035,143
9113,1035,73
9115,1035,104
9116,1035,131
9117,1035,120
9118,1035,84
9119,1035,132
9120,1035,135
9121,1035,134
9122,1035,124
9123,1035,136
9124,1035,128
9125,1035,93
9127,1035,137
9128,1035,129
9129,1035,95
9130,1035,96
9133,1036,142
9135,1036,76
9136,1036,121
9137,1036,123
9138,1036,138
9140,1036,100
9141,1036,59
9142,1036,140
9143,1036,3
9144,1036,139
9145,1036,92
9146,1036,143
9147,1036,73
9149,1036,104
9150,1036,131
9151,1036,120
9152,1036,84
9153,1036,132
9154,1036,135
9155,1036,134
9156,1036,124
9157,1036,136
9158,1036,128
9159,1036,93
9161,1036,137
9162,1036,129
9163,1036,95
9164,1036,96
9167,1026,142
9169,1026,76
9170,1026,121
9171,1026,123
9172,1026,126
9173,1026,127
9174,1026,100
9175,1026,59
9176,1026,140
9177,1026,3
9178,1026,139
9179,1026,92
9180,1026,143
9181,1026,73
9183,1026,104
9184,1026,131
9185,1026,120
9186,1026,84
9187,1026,132
9188,1026,135
9189,1026,134
9190,1026,124
9191,1026,136
9192,1026,128
9193,1026,93
9195,1026,137
9196,1026,129
9197,1026,95
9198,1026,96
9200,1048,143
9204,1050,76
9205,1050,121
9206,1050,123
9208,1050,126
9209,1050,127
9210,1050,119
9211,1050,138
9212,1050,100
9213,1050,59
9214,1050,140
9215,1050,3
9216,1050,139
9217,1050,116
9218,1050,92
9219,1050,143
9220,1050,73
9222,1050,104
9223,1050,131
9224,1050,120
9225,1050,84
9226,1050,132
9227,1050,135
9228,1050,134
9229,1050,124
9230,1050,136
9231,1050,128
9232,1050,93
9234,1050,137
9235,1050,129
9236,1050,95
9237,1050,96
9239,1051,119
9240,1051,138
9242,1051,100
9243,1051,140
9244,1051,3
9245,1051,139
9246,1051,116
9247,1051,92
9248,1051,143
9249,1051,73
9251,1051,104
9252,1051,131
9253,1051,120
9254,1051,132
9255,1051,135
9256,1051,134
9257,1051,124
9258,1051,136
9259,1051,128
9260,1051,93
9262,1051,137
9263,1051,129
9264,1051,95
9265,1051,96
9275,797,150
9551,1038,19
9552,1038,59
9553,1038,140
9554,1038,3
9555,1038,92
9557,1038,73
9559,1038,135
9560,1038,134
9561,1038,149
9562,1038,124
9563,1038,106
9564,1038,108
9565,1038,130
9571,665,149
9572,873,149
9573,894,149
9574,893,149
9575,911,149
9576,892,149
9618,1080,144
9619,1080,50
9623,1080,76
9624,1080,121
9625,1080,123
9628,1080,99
9629,1080,139
9630,1080,92
9631,1080,143
9632,1080,148
9633,1080,73
9635,1080,132
9636,1080,135
9637,1080,134
9638,1080,149
9639,1080,124
9640,1080,128
9641,1080,93
9643,1080,137
9644,1080,156
9645,1080,129
9646,1080,96
9648,1081,58
9649,1081,62
9650,1081,50
9652,1081,142
9654,1081,76
9655,1081,121
9656,1081,123
9658,1081,17
9659,1081,99
9660,1081,126
9661,1081,127
9662,1081,119
9663,1081,138
9664,1081,150
9665,1081,100
9666,1081,3
9667,1081,139
9668,1081,92
9669,1081,143
9670,1081,148
9671,1081,73
9673,1081,104
9674,1081,132
9675,1081,135
9676,1081,134
9677,1081,149
9678,1081,124
9679,1081,128
9680,1081,93
9682,1081,137
9683,1081,156
9684,1081,129
9685,1081,95
9686,1081,96
9863,394,157
9903,1106,54
9904,1106,146
9905,1106,46
9906,1106,109
9907,1106,61
9908,1106,58
9909,1106,144
9910,1106,51
9911,1106,133
9913,1106,142
9915,1106,157
9916,1106,76
9917,1106,121
9918,1106,123
9919,1106,158
9921,1106,17
9922,1106,99
9923,1106,119
9925,1106,138
9926,1106,150
9927,1106,100
9928,1106,80
9929,1106,19
9930,1106,59
9931,1106,140
9932,1106,3
9933,1106,139
9934,1106,20
9935,1106,116
9936,1106,92
9937,1106,143
9938,1106,23
9939,1106,148
9941,1106,73
9943,1106,104
9944,1106,131
9945,1106,120
9946,1106,84
9947,1106,132
9948,1106,135
9949,1106,134
9950,1106,149
9951,1106,124
9952,1106,136
9953,1106,155
9954,1106,106
9955,1106,108
9956,1106,37
9957,1106,41
9958,1106,43
9959,1106,130
9960,1106,128
9961,1106,93
9963,1106,137
9964,1106,156
9965,1106,129
9966,1106,95
9967,1106,96
9969,1106,153
9970,1106,98
9971,1106,117
10027,1117,134
10028,1118,149
10030,1120,148
10031,1120,129
10033,1122,148
10034,1123,148
10046,1125,142
10048,1125,157
10049,1125,76
10050,1125,121
10051,1125,123
10052,1125,158
10055,1126,142
10057,1126,157
10058,1126,76
10059,1126,121
10060,1126,123
10061,1126,158
10063,1126,17
10064,1126,99
10066,1127,157
10067,1127,76
10068,1127,121
10069,1127,123
10070,1127,158
10072,1127,17
10073,1127,99
10074,1128,96
10076,1129,155
10077,1130,151
10078,1131,154
10237,1153,161
10238,1154,161
10239,1155,161
10240,1156,161
10241,1157,161
10242,1158,161
10243,1159,161
10259,1180,162
10260,1176,162
10341,1160,162
10342,1161,162
10343,1162,162
10344,1163,162
10345,1165,162
10347,1167,162
10348,1173,162
10349,1166,162
10350,1174,162
10351,1169,162
10352,1170,162
10353,1171,162
10354,1172,162
10356,1181,162
10403,82,146
10404,82,145
10405,82,144
10406,82,148
10407,87,148
10408,88,146
10409,88,145
10410,88,144
10411,88,123
10412,90,146
10413,90,145
10414,90,144
10415,90,123
10439,169,148
10508,797,164
10509,797,163
10519,1198,146
10520,1198,145
10521,1198,144
10522,1198,148
10524,1200,146
10525,1200,145
10526,1200,144
10612,1225,148
10613,907,162
10614,937,162
10615,1227,169
10616,1228,169
10618,1230,151
10654,1235,117
10655,1236,93
10658,1238,116
10659,1240,153
10663,1244,78
10664,1245,140
10666,1249,110
10669,1254,101
10670,1255,26
10672,1257,130
10675,1261,100
10676,1246,174
10677,1248,173
10678,1253,104
10679,1260,175
10680,1239,178
10682,1250,180
10779,131,146
10780,131,173
10781,131,145
10782,131,176
10783,131,144
10784,131,148
10808,169,177
10809,169,173
10810,169,176
10827,1285,162
10828,1286,166
10882,1027,182
10883,995,182
10884,861,182
10886,1038,182
10891,1230,182
10894,1001,182
10896,1032,182
10965,1321,166
10969,304,109
10970,304,61
10971,304,58
10972,304,126
10973,304,127
10974,304,119
10976,304,138
10977,304,150
10978,304,112
10979,304,79
10980,304,163
10981,304,26
10982,304,106
10983,304,41
10984,304,130
10985,304,128
10986,304,95
10987,304,85
11014,1328,177
11015,1328,146
11016,1328,173
11017,1328,60
11018,1328,145
11019,1328,174
11020,1328,61
11021,1328,58
11022,1328,62
11023,1328,110
11024,1328,48
11025,1328,125
11026,1328,176
11027,1328,144
11028,1328,59
11029,1328,148
11030,1329,177
11031,1329,146
11032,1329,173
11033,1329,60
11034,1329,145
11035,1329,125
11036,1329,176
11037,1329,144
11038,1329,162
11039,1329,148
11041,1330,142
11043,1330,121
11044,1330,123
11045,1330,158
11047,1330,166
11048,1330,3
11049,1330,139
11050,1330,162
11051,1330,73
11053,1330,132
11054,1330,135
11055,1330,134
11056,1330,149
11057,1330,93
11059,1330,156
11060,1330,172
11061,1330,129
11062,1330,96
11069,1335,162
11071,1337,151
11072,1338,151
11073,1339,151
11074,1340,151
11075,1341,151
11078,1343,187
11079,1343,166
11080,1343,151
11081,1344,151
11088,1351,162
11107,86,183
11108,85,183
11109,90,183
11117,1373,162
11118,1374,6
11119,1374,7
11120,1374,4
11121,1374,53
11122,1374,185
11123,1374,184
11124,1374,45
11125,1374,54
11126,1374,177
11127,1374,146
11128,1374,16
11129,1374,15
11130,1374,173
11131,1374,60
11132,1374,145
11133,1374,46
11134,1374,180
11135,1374,109
11136,1374,174
11137,1374,61
11138,1374,183
11139,1374,58
11140,1374,62
11141,1374,110
11142,1374,48
11143,1374,125
11144,1374,176
11145,1374,118
11146,1374,2
11147,1374,144
11148,1374,49
11150,1374,50
11151,1374,66
11152,1374,51
11154,1374,71
11155,1374,69
11156,1374,75
11157,1374,133
11159,1374,142
11162,1374,157
11163,1374,187
11164,1374,76
11165,1374,121
11166,1374,123
11167,1374,158
11169,1374,188
11170,1374,166
11171,1374,17
11172,1374,99
11173,1374,164
11174,1374,126
11175,1374,127
11176,1374,119
11178,1374,138
11179,1374,150
11180,1374,89
11181,1374,115
11182,1374,101
11183,1374,67
11184,1374,77
11185,1374,78
11186,1374,88
11187,1374,161
11188,1374,100
11189,1374,112
11190,1374,79
11191,1374,80
11192,1374,81
11193,1374,19
11194,1374,59
11195,1374,140
11196,1374,151
11197,1374,186
11198,1374,9
11199,1374,90
11201,1374,3
11202,1374,139
11203,1374,162
11204,1374,91
11205,1374,163
11206,1374,20
11207,1374,178
11208,1374,116
11209,1374,92
11210,1374,143
11211,1374,21
11212,1374,22
11213,1374,23
11214,1374,148
11217,1374,73
11219,1374,104
11220,1374,131
11221,1374,120
11222,1374,169
11223,1374,12
11225,1374,84
11226,1374,132
11227,1374,175
11228,1374,135
11229,1374,134
11230,1374,149
11231,1374,124
11232,1374,136
11233,1374,155
11234,1374,24
11235,1374,26
11236,1374,105
11237,1374,106
11238,1374,108
11239,1374,37
11240,1374,41
11241,1374,43
11242,1374,130
11243,1374,182
11244,1374,128
11245,1374,93
11247,1374,168
11248,1374,137
11249,1374,156
11250,1374,172
11251,1374,129
11252,1374,95
11253,1374,159
11254,1374,96
11256,1374,85
11258,1374,86
11259,1374,153
11260,1374,171
11261,1374,98
11262,1374,154
11263,1374,117
11264,1374,160
12019,1347,188
12040,797,190
12054,82,185
12055,82,184
12056,82,177
12057,82,173
12058,82,183
12059,82,176
12094,85,184
12095,85,173
12096,86,184
12097,86,173
12098,87,193
12099,88,185
12100,88,177
12101,88,174
12102,88,176
12103,90,185
12104,90,177
12105,90,173
12106,90,174
12107,90,176
12121,131,185
12122,131,184
12123,131,177
12124,131,174
12125,131,183
12126,131,193
12127,131,189
12128,132,174
12129,132,183
12146,143,174
12147,143,183
12150,160,183
12151,163,183
12152,169,193
12227,1198,177
12228,1198,173
12229,1198,61
12230,1198,183
12231,1198,125
12232,1198,176
12233,1198,193
12256,1328,185
12257,1328,184
12258,1328,183
12259,1328,193
12260,1328,189
12261,1329,185
12262,1329,184
12263,1329,193
12264,82,174
12265,82,193
12266,82,189
12301,797,196
12302,797,195
12307,797,201
12314,1413,6
12315,1413,7
12316,1413,4
12317,1413,53
12318,1413,185
12319,1413,184
12320,1413,45
12321,1413,54
12322,1413,177
12323,1413,146
12324,1413,16
12325,1413,15
12326,1413,173
12327,1413,60
12328,1413,145
12329,1413,46
12330,1413,180
12331,1413,109
12332,1413,174
12333,1413,61
12336,1413,157
12337,1413,187
12338,1413,76
12339,1413,121
12340,1413,123
12341,1413,158
12343,1413,188
12344,1413,166
12345,1413,164
12346,1413,126
12347,1413,127
12348,1413,119
12349,1413,138
12350,1413,150
12351,1413,196
12353,1413,190
12354,1413,89
12355,1413,115
12356,1413,101
12357,1413,67
12358,1413,77
12359,1413,78
12360,1413,88
12361,1413,19
12362,1413,59
12363,1413,193
12364,1413,140
12365,1413,151
12366,1413,201
12367,1413,186
12368,1413,9
12369,1413,90
12371,1413,3
12372,1413,192
12373,1413,139
12374,1413,162
12375,1413,91
12376,1413,163
12377,1413,20
12378,1413,178
12379,1413,116
12380,1413,92
12381,1413,143
12382,1413,21
12383,1413,22
12384,1413,23
12385,1413,189
12386,1413,148
12389,1413,73
12391,1413,104
12392,1413,131
12393,1414,6
12394,1414,7
12395,1414,4
12396,1414,53
12397,1414,185
12398,1414,184
12399,1414,45
12400,1414,54
12401,1414,177
12402,1414,146
12403,1414,16
12404,1414,15
12405,1414,173
12406,1414,60
12407,1414,145
12408,1414,46
12409,1414,180
12410,1414,109
12411,1414,174
12413,1414,142
12416,1414,157
12417,1414,187
12418,1414,76
12419,1414,121
12420,1414,123
12421,1414,158
12423,1414,188
12424,1414,166
12425,1414,17
12427,1414,164
12428,1414,126
12429,1414,127
12430,1414,119
12431,1414,138
12432,1414,150
12433,1414,196
12435,1414,190
12436,1414,89
12437,1414,175
12438,1414,135
12439,1414,134
12440,1414,202
12441,1414,149
12442,1414,37
12443,1414,41
12444,1414,43
12445,1414,130
12446,1414,182
12447,1415,139
12476,1416,2
12517,1416,192
12518,1417,192
12519,1418,192
12520,1419,46
12521,1419,180
12522,1419,109
12523,1419,174
12524,1419,61
12525,1419,183
12526,1419,58
12527,1419,62
12528,1419,110
12529,1419,48
12530,1419,125
12531,1419,176
12532,1419,118
12533,1419,2
12534,1419,144
12536,1419,49
12537,1419,50
12538,1419,66
12539,1419,51
12541,1419,71
12542,1419,69
12543,1419,75
12544,1419,133
12546,1419,142
12549,1419,157
12550,1419,187
12551,1419,76
12552,1419,121
12553,1419,123
12554,1419,158
12556,1419,188
12557,1419,166
12558,1419,17
12559,1419,99
12560,1420,162
12568,1423,157
12569,1423,187
12570,1423,76
12571,1423,121
12572,1423,123
12573,1423,158
12575,1423,188
12576,1423,166
12578,1423,99
12580,1423,164
12581,1423,126
12582,1423,127
12583,1423,119
12584,1423,138
12585,1423,150
12586,1423,196
12588,1423,190
12589,1423,89
12590,1423,101
12591,1423,67
12592,1423,77
12593,1423,19
12594,1423,59
12595,1423,193
12596,1423,140
12597,1423,151
12599,1423,3
12600,1423,192
12601,1423,139
12602,1423,148
12603,1423,73
12606,1423,195
12607,1423,84
12608,1423,175
12609,1423,135
12610,1423,134
12611,1423,202
12724,1428,177
12725,1428,146
12726,1428,16
12727,1428,15
12728,1428,173
12729,1428,60
12730,1428,145
12731,1428,46
12732,1428,180
12733,1428,109
12734,1428,174
12735,1428,61
12736,1428,183
12737,1428,58
12738,1428,62
12739,1428,110
12740,1428,48
12741,1428,125
12742,1428,176
12743,1428,118
12744,1428,2
12745,1428,144
12747,1428,49
12748,1428,50
12749,1428,66
12750,1428,51
12752,1428,71
12753,1428,69
12754,1428,75
12755,1428,133
12757,1428,142
12760,1428,157
12761,1428,187
12762,1428,76
12763,1428,121
12764,1428,123
12765,1428,158
12767,1428,188
12768,1428,166
12769,1428,17
12770,1428,99
12772,1428,164
12773,1428,126
12774,1428,127
12775,1428,119
12776,1428,138
12777,1428,150
12778,1428,196
12780,1428,190
12781,1428,73
12783,1428,132
12784,1428,175
12785,1428,135
12786,1428,134
12787,1428,202
12788,1428,149
12789,1429,54
12790,1429,177
12791,1429,146
12792,1429,16
12793,1429,15
12794,1429,173
12795,1429,60
12800,1429,174
12801,1429,61
12802,1429,183
12803,1429,58
12804,1429,62
12807,1429,125
12808,1429,176
12809,1429,118
12811,1429,144
12813,1429,49
12814,1429,50
12815,1429,66
12816,1429,51
12821,1429,133
12826,1429,157
12827,1429,187
12828,1429,76
12829,1429,121
12830,1429,123
12831,1429,158
12833,1429,188
12834,1429,166
12836,1429,99
12839,1429,3
12841,1429,73
12843,1429,104
12844,1429,175
12845,1429,135
12846,1429,134
12847,1429,202
12848,1429,149
12849,1429,124
12850,1429,136
12851,1429,155
12852,1429,24
12854,1431,149
12855,1432,134
12864,1437,6
12865,1437,7
12866,1437,4
12867,1437,53
12868,1437,185
12869,1437,184
12870,1437,45
12871,1437,54
12872,1437,177
12874,1437,142
12877,1437,157
12878,1437,187
12879,1437,76
12880,1437,121
12881,1437,123
12882,1437,158
12884,1437,188
12885,1437,166
12886,1437,17
12887,1437,99
12889,1437,164
12890,1437,193
12891,1437,140
12892,1437,151
12893,1437,148
12895,1437,195
12896,1438,6
12897,1438,7
12898,1438,4
12899,1438,53
12900,1438,185
12901,1438,184
12902,1438,45
12903,1438,54
12904,1438,177
12906,1438,142
12909,1438,157
12910,1438,187
12911,1438,76
12912,1438,121
12913,1438,123
12914,1438,158
12916,1438,188
12917,1438,166
12918,1438,17
12919,1438,99
12921,1438,164
12922,1438,126
12923,1438,127
12924,1438,119
12925,1438,138
12926,1438,150
12927,1438,196
12929,1438,190
12930,1438,89
12931,1438,19
12932,1438,59
12933,1438,193
12934,1438,140
12935,1438,151
12936,1438,201
12937,1438,186
12939,1438,195
12940,1438,84
12941,1439,184
12942,1440,162
12943,1441,162
12980,1445,185
12986,1447,193
12987,1448,189
12988,1449,192
13015,1460,192
13019,1463,192
13023,1466,192
13024,1467,192
13032,288,195
13035,1471,203
13037,1471,142
13040,1471,157
13041,1471,187
13042,1471,76
13043,1471,121
13044,1471,123
13045,1471,158
13047,1471,188
13048,1471,166
13049,1471,17
13050,1471,99
13052,1471,148
13053,1471,134
13054,1471,202
13056,1472,69
13057,1472,75
13058,1472,133
13060,1472,142
13063,1472,157
13064,1472,187
13065,1472,76
13066,1472,121
13067,1472,123
13068,1472,158
13070,1472,188
13071,1472,166
13072,1472,17
13073,1472,99
13075,1472,151
13076,1472,73
13078,1472,130
13080,1473,142
13083,1473,157
13084,1473,187
13085,1473,76
13086,1473,121
13087,1473,123
13088,1473,158
13090,1473,188
13091,1473,166
13092,1473,17
13093,1473,99
13095,1473,19
13096,1473,193
13097,1473,151
13098,1473,73
13100,1473,106
13101,1474,75
13102,1474,133
13103,1474,203
13105,1474,142
13108,1474,157
13109,1474,187
13110,1474,76
13111,1474,121
13112,1474,123
13113,1474,158
13115,1474,188
13116,1474,166
13117,1474,17
13118,1474,99
13120,1474,19
13121,1474,59
13122,1474,193
13123,1474,151
13124,1474,106
13125,1474,130
13128,1475,133
13129,1475,203
13134,1475,157
13135,1475,187
13136,1475,76
13137,1475,121
13138,1475,123
13139,1475,158
13141,1475,188
13142,1475,166
13143,1475,17
13144,1475,99
13146,1475,19
13147,1475,59
13148,1475,193
13149,1475,151
13150,1475,106
13151,1475,130
13178,301,78
13181,303,162
13182,305,121
13183,305,123
13184,305,158
13185,305,193
13186,305,139
13187,305,124
13213,304,60
13214,304,145
13216,304,157
13217,304,187
13218,304,188
13219,304,166
13220,304,190
13221,304,161
13222,304,192
13223,304,116
13224,304,92
13225,304,143
13226,304,104
13227,304,132
13228,304,135
13229,304,149
13230,304,182
13231,304,168
13232,304,137
13233,304,156
13234,304,172
13235,304,129
13236,304,159
13237,304,96
13266,1480,53
13267,1480,185
13268,1480,184
13269,1480,45
13270,1480,173
13271,1480,60
13276,1480,174
13277,1480,61
13278,1480,183
13279,1480,58
13280,1480,62
13283,1480,125
13284,1480,176
13285,1480,118
13287,1480,144
13289,1480,49
13290,1480,50
13291,1480,66
13292,1480,51
13297,1480,133
13298,1480,203
13303,1480,157
13304,1480,187
13305,1480,76
13306,1480,121
13307,1480,123
13308,1480,158
13310,1480,188
13311,1480,166
13312,1480,17
13313,1480,99
13315,1480,151
13316,1480,192
13317,1480,139
13318,1480,148
13319,1481,120
13320,1482,204
13321,1483,204
13325,1487,205
13326,1488,205
13327,1489,205
13328,1490,205
13338,1500,192
13339,1500,120
13340,1501,192
13341,1502,192
13342,1502,120
13343,1503,192
13344,1503,120
13345,1504,120
13346,1504,132
13347,1504,124
13348,1504,136
13359,1517,195
13439,281,205
13450,1517,162
13493,1524,212
13494,1524,213
13499,1527,212
13504,288,214
13505,1022,214
13506,1022,213
14152,1555,209
14158,1560,212
14159,1560,213
14160,1561,212
14161,1562,213
14251,1567,217
14252,1568,217
14253,1569,217
14265,1572,6
14266,1572,7
14267,1572,215
14268,1572,4
14269,1572,53
14270,1572,185
14271,1572,184
14272,1572,45
14273,1572,54
14274,1572,177
14275,1572,146
14276,1572,16
14277,1572,15
14278,1572,173
14279,1572,60
14280,1572,145
14281,1572,216
14282,1572,46
14283,1572,180
14284,1572,109
14285,1572,174
14286,1572,61
14287,1572,183
14288,1572,58
14289,1572,62
14290,1572,110
14291,1572,48
14292,1572,125
14293,1572,176
14294,1572,118
14295,1572,2
14296,1572,144
14298,1572,49
14299,1572,50
14300,1572,66
14301,1572,51
14303,1572,71
14304,1572,69
14305,1572,75
14306,1572,133
14307,1572,203
14309,1572,142
14312,1572,157
14313,1572,187
14314,1572,218
14315,1572,76
14316,1572,121
14317,1572,123
14318,1572,158
14320,1572,188
14321,1572,166
14322,1572,17
14323,1572,99
14325,1572,164
14326,1572,126
14327,1572,127
14328,1572,119
14329,1572,138
14330,1572,150
14331,1572,196
14333,1572,190
14334,1572,89
14335,1572,115
14336,1572,101
14337,1572,67
14338,1572,77
14339,1572,78
14340,1572,88
14341,1572,211
14342,1572,161
14343,1572,100
14344,1572,112
14345,1572,79
14346,1572,80
14347,1572,81
14348,1572,214
14349,1572,19
14350,1572,59
14351,1572,193
14352,1572,140
14353,1572,151
14354,1572,201
14355,1572,186
14356,1572,9
14357,1572,212
14358,1572,90
14359,1572,217
14361,1572,3
14362,1572,192
14363,1572,139
14364,1572,162
14365,1572,91
14366,1572,163
14367,1572,20
14368,1572,178
14369,1572,116
14370,1572,92
14371,1572,143
14372,1572,21
14373,1572,22
14374,1572,23
14375,1572,213
14376,1572,189
14377,1572,148
14380,1572,73
14382,1572,104
14383,1572,131
14384,1572,210
14385,1572,120
14386,1572,169
14387,1572,12
14389,1572,195
14390,1572,84
14391,1572,205
14392,1572,132
14393,1572,204
14394,1572,175
14395,1572,135
14396,1572,134
14397,1572,202
14398,1572,149
14399,1572,124
14400,1572,136
14401,1572,155
14402,1572,24
14403,1572,26
14404,1572,105
14405,1572,106
14406,1572,108
14407,1572,37
14408,1572,41
14409,1572,43
14410,1572,130
14411,1572,208
14412,1572,182
14413,1572,128
14414,1572,206
14415,1572,93
14417,1572,207
14418,1572,168
14419,1572,137
14420,1572,156
14421,1572,172
14422,1572,129
14423,1572,95
14424,1572,159
14425,1572,96
14427,1572,209
14428,1572,85
14430,1572,86
14431,1572,153
14432,1572,171
14433,1572,98
14434,1572,154
14435,1572,117
14436,1572,160
14499,394,218
14516,1583,6
14517,1583,7
14518,1583,215
14519,1583,4
14520,1583,53
14521,1583,185
14522,1583,184
14523,1583,45
14524,1583,54
14525,1583,177
14526,1583,146
14527,1583,16
14528,1583,15
14529,1583,173
14530,1583,60
14531,1583,145
14532,1583,216
14533,1583,180
14534,1583,109
14535,1583,174
14536,1583,61
14537,1583,183
14538,1583,58
14539,1583,62
14540,1583,110
14541,1583,48
14542,1583,176
14543,1583,118
14544,1583,2
14545,1583,144
14547,1583,49
14548,1583,50
14549,1583,66
14550,1583,51
14552,1583,71
14553,1583,69
14554,1583,75
14555,1583,133
14556,1583,203
14558,1583,142
14561,1583,157
14562,1583,187
14563,1583,218
14564,1583,76
14565,1583,121
14566,1583,123
14567,1583,158
14569,1583,188
14570,1583,166
14571,1583,17
14572,1583,99
14574,1583,164
14575,1583,126
14576,1583,127
14577,1583,119
14578,1583,138
14579,1583,150
14580,1583,196
14582,1583,190
14583,1583,89
14584,1583,101
14585,1583,67
14586,1583,77
14587,1583,78
14588,1583,88
14589,1583,211
14590,1583,161
14591,1583,100
14592,1583,112
14593,1583,79
14594,1583,81
14595,1583,214
14596,1583,19
14597,1583,59
14598,1583,193
14599,1583,140
14600,1583,151
14601,1583,201
14602,1583,9
14603,1583,212
14604,1583,217
14606,1583,192
14607,1583,139
14608,1583,162
14609,1583,91
14610,1583,163
14611,1583,20
14612,1583,178
14613,1583,116
14614,1583,92
14615,1583,143
14616,1583,21
14617,1583,22
14618,1583,23
14619,1583,213
14620,1583,189
14621,1583,148
14624,1583,73
14626,1583,104
14627,1583,131
14628,1583,210
14629,1583,120
14630,1583,169
14631,1583,12
14633,1583,195
14634,1583,84
14635,1583,205
14636,1583,132
14637,1583,204
14638,1583,175
14639,1583,135
14640,1583,134
14641,1583,202
14642,1583,149
14643,1583,124
14644,1583,136
14645,1583,155
14646,1583,24
14647,1583,26
14648,1583,105
14649,1583,106
14650,1583,108
14651,1583,37
14652,1583,41
14653,1583,43
14654,1583,130
14655,1583,208
14656,1583,182
14657,1583,128
14658,1583,206
14659,1583,93
14661,1583,207
14662,1583,168
14663,1583,137
14664,1583,156
14665,1583,172
14666,1583,129
14667,1583,95
14668,1583,159
14669,1583,96
14671,1583,209
14672,1583,85
14674,1583,86
14675,1583,153
14676,1583,171
14677,1583,98
14678,1583,154
14679,1583,117
14680,1583,160
14682,797,219
14690,1586,205
14691,1586,132
14809,281,161
14812,1347,218
14817,1447,220
14818,1572,220
14824,1480,220
14825,962,220
14826,86,220
14827,85,220
14828,87,220
14829,90,220
14830,1328,220
14831,131,220
14833,82,220
14834,1122,220
14835,1200,220
14838,970,220
14840,1329,220
15004,1606,188
15005,1606,162
15039,797,186
15283,1493,142
15286,1493,157
15287,1493,187
15288,1493,218
15289,1493,188
15290,1493,166
15295,1626,157
15296,1626,187
15297,1626,218
15298,1626,188
15299,1626,166
15300,1626,222
15302,797,223
15312,1630,213
15369,1634,224
15513,1666,224
15549,1677,142
15552,1677,158
15553,1677,188
15554,1677,166
15555,1677,222
15556,1677,211
15557,1677,19
15558,1677,193
15559,1677,217
15560,1676,145
15561,1676,203
15563,1676,142
15565,1676,157
15566,1676,187
15567,1676,158
15568,1676,188
15569,1676,166
15570,1676,222
15571,1676,126
15597,1679,233
15606,1679,223
15607,1682,233
15616,1689,237
15617,1690,51
15626,1690,157
15627,1690,187
15628,1690,218
15629,1690,76
15630,1690,121
15631,1690,123
15632,1690,158
15633,1690,188
15634,1690,166
15635,1690,225
15636,1690,162
15637,1690,20
15638,1690,21
15639,1690,22
15640,1690,23
15641,1690,73
15642,1690,104
15643,1690,155
15644,1690,106
15645,1690,130
15646,1690,208
15647,1672,162
15649,1674,218
15650,1674,188
15651,1674,222
15652,1673,162
15654,1691,142
15656,1691,157
15657,1691,187
15658,1691,121
15659,1691,123
15660,1691,158
15661,1691,120
15662,1691,132
15664,394,187
15666,1679,238
15669,1682,238
15673,1696,225
15674,1697,162
15677,1700,218
15678,1701,162
15693,1715,239
15729,1748,239
15730,1748,243
16028,1679,145
16031,1682,145
16042,797,244
16044,1682,245
16045,1679,245
16060,1347,17
16061,1347,222
16109,1782,235
16110,1783,235
16111,1784,235
16112,1785,235
16115,993,246
16116,1788,218
16117,1788,121
16118,1788,131
16119,1789,222
16122,1792,249
16123,88,247
16124,974,247
16126,1321,222
16131,1555,239
16150,1801,157
16151,1801,218
16152,1801,76
16153,1801,121
16154,1801,123
16155,1801,158
16156,1801,188
16157,1801,166
16158,1801,17
16159,1801,222
16160,1801,164
16161,1801,219
16162,1801,126
16163,1801,127
16164,1801,119
16165,1801,138
16166,1801,150
16167,1801,196
16168,1801,233
16169,1801,190
16170,1801,223
16171,1801,244
16172,1801,78
16173,1801,140
16174,1801,201
16175,1801,186
16176,1801,139
16177,1801,163
16178,1801,20
16179,1801,116
16180,1801,92
16181,1801,143
16182,1801,73
16183,1801,210
16184,1801,195
16185,1801,84
16186,1801,95
16187,1801,96
16190,1802,157
16191,1802,187
16192,1802,218
16193,1802,76
16194,1802,121
16195,1802,123
16196,1802,158
16197,1802,188
16198,1802,166
16199,1802,17
16200,1802,222
16201,1802,164
16202,1802,219
16203,1802,126
16204,1802,127
16205,1802,119
16206,1802,138
16207,1802,150
16208,1802,196
16209,1802,233
16210,1802,190
16211,1802,223
16212,1802,244
16213,1802,78
16214,1802,79
16215,1802,80
16216,1802,81
16217,1802,140
16218,1802,201
16219,1802,186
16220,1802,139
16221,1802,163
16222,1802,20
16223,1802,92
16224,1802,195
16225,1802,84
16226,1802,129
16227,1802,96
16228,1802,85
16229,1802,171
16230,1802,98
16233,88,250
16234,1328,250
16236,131,250
16238,82,250
16243,1807,162
16250,1814,162
16260,1679,252
16261,1682,252
16444,1715,253
16452,1830,255
16453,1831,255
16457,1806,255
16458,1829,255
16459,1811,255
16461,1812,255
16462,1816,255
16464,1833,255
16473,1842,255
16474,1843,255
16478,1480,227
16479,86,227
16480,85,227
16481,1328,227
16482,131,227
16484,82,227
16485,1200,227
16487,394,259
16502,1347,259
16504,1846,185
16505,1846,227
16506,1846,184
16507,1846,177
16508,1846,146
16509,1846,173
16510,1846,60
16511,1846,145
16512,1846,216
16513,1846,61
16514,1846,183
16515,1846,62
16516,1846,110
16517,1846,48
16518,1846,125
16519,1846,176
16520,1846,144
16521,1846,50
16522,1846,229
16523,1846,220
16524,1846,51
16525,1846,251
16526,1846,203
16527,1846,123
16528,1846,59
16529,1846,193
16530,1846,230
16531,1846,148
16532,1846,247
16533,1847,250
16534,1847,185
16535,1847,227
16536,1847,184
16537,1847,177
16538,1847,146
16539,1847,173
16540,1847,60
16541,1847,145
16542,1847,216
16543,1847,61
16544,1847,183
16545,1847,62
16546,1847,110
16547,1847,48
16548,1847,125
16549,1847,176
16550,1847,144
16551,1847,50
16552,1847,229
16553,1847,220
16554,1847,251
16555,1847,203
16556,1847,123
16557,1847,59
16558,1847,193
16559,1847,230
16560,1847,148
16561,1847,247
16562,1848,250
16563,1848,185
16564,1848,227
16565,1848,184
16566,1848,177
16567,1848,146
16568,1848,173
16569,1848,60
16570,1848,145
16571,1848,216
16572,1848,61
16573,1848,183
16574,1848,62
16575,1848,110
16576,1848,48
16577,1848,125
16578,1848,176
16579,1848,144
16580,1848,50
16581,1848,229
16582,1848,220
16583,1848,51
16584,1848,251
16585,1848,123
16586,1848,59
16587,1848,193
16588,1848,230
16589,1848,148
16590,1848,247
16591,1849,250
16592,1849,185
16593,1849,227
16594,1849,184
16595,1849,177
16596,1849,146
16597,1849,173
16598,1849,60
16599,1849,145
16600,1849,216
16601,1849,61
16602,1849,183
16603,1849,62
16604,1849,110
16605,1849,48
16606,1849,125
16607,1849,176
16608,1849,144
16609,1849,50
16610,1849,229
16611,1849,220
16612,1849,203
16613,1849,123
16614,1849,59
16615,1849,193
16616,1849,230
16617,1849,148
16618,1849,247
16619,1850,185
16620,1850,227
16621,1850,184
16622,1850,177
16623,1850,146
16624,1850,173
16625,1850,60
16626,1850,145
16627,1850,216
16628,1850,61
16629,1850,183
16630,1850,62
16631,1850,110
16632,1850,48
16633,1850,125
16634,1850,176
16635,1850,144
16636,1850,50
16637,1850,229
16638,1850,220
16639,1850,251
16640,1850,203
16641,1850,123
16642,1850,59
16643,1850,193
16644,1850,230
16645,1850,148
16646,1850,247
16647,1851,215
16648,1851,185
16649,1851,184
16650,1851,177
16651,1851,146
16652,1851,173
16653,1851,60
16654,1851,125
16655,1851,176
16656,1851,144
16657,1851,251
16658,1851,203
16659,1851,59
16660,1851,193
16668,1853,227
16669,1853,177
16670,1853,146
16671,1853,173
16672,1853,145
16673,1853,216
16674,1853,61
16675,1853,183
16676,1853,125
16677,1853,176
16678,1853,144
16679,1853,229
16680,1853,220
16681,1853,251
16682,1853,203
16683,1853,193
16684,1853,230
16685,1853,148
16686,1853,247
16702,1679,258
16703,1682,258
16734,1854,252
16922,1885,249
16923,1792,243
16924,1792,239
16930,1890,262
16931,1891,262
16932,1892,262
16933,1893,262
16934,1894,262
16935,1895,262
16936,1896,262
16937,1897,262
16941,1901,265
16943,1902,218
16944,1902,259
16945,1903,222
16946,1904,267
16947,1905,249
16948,281,215
16949,281,17
16950,281,217
16951,281,148
16952,288,213
16954,1907,267
16955,1908,267
16956,1911,267
16962,1918,255
16964,1920,255
16965,1921,255
16966,1922,255
16969,1924,142
16972,1924,157
16973,1924,187
16974,1924,218
16975,1924,76
16976,1924,121
16977,1924,123
16978,1924,158
16979,1924,188
16980,1924,166
16981,1924,17
16982,1924,99
16983,1924,259
16984,1924,222
16985,1924,267
16986,1924,127
16987,1924,119
16988,1924,138
16989,1924,150
16990,1924,196
16991,1924,233
16992,1924,190
16993,1924,244
16994,1924,261
16995,1924,139
16996,1924,163
16997,1924,20
16998,1924,92
16999,1792,265
17008,1347,267
17011,1933,162
17012,1934,255
17013,1937,255
17024,1321,269
17030,1347,269
17058,1854,265
17059,1748,270
17060,1941,4
17061,1941,53
17062,1941,185
17063,1941,184
17064,1941,45
17065,1941,54
17066,1941,177
17067,1941,16
17068,1941,268
17069,1941,15
17070,1941,173
17071,1941,60
17072,1941,145
17073,1941,238
17074,1941,216
17075,1941,46
17076,1941,180
17077,1941,109
17078,1941,174
17079,1941,61
17080,1941,183
17081,1941,58
17082,1941,62
17083,1941,110
17084,1941,48
17085,1941,125
17086,1941,176
17087,1941,118
17088,1941,2
17089,1941,144
17090,1941,49
17091,1941,50
17092,1941,264
17093,1941,229
17094,1941,220
17095,1941,66
17096,1941,51
17097,1941,251
17102,1941,245
17103,1941,133
17104,1941,203
17106,1941,142
17109,1941,157
17110,1941,187
17111,1941,218
17112,1941,76
17113,1941,121
17114,1941,158
17115,1941,188
17116,1941,166
17117,1941,17
17118,1941,99
17119,1941,259
17120,1941,222
17121,1941,269
17122,1941,267
17123,1941,243
17124,1941,164
17125,1941,219
17126,1941,126
17127,1941,127
17128,1941,119
17129,1941,138
17130,1941,150
17131,1941,196
17132,1941,233
17133,1941,190
17134,1941,223
17135,1941,89
17136,1941,115
17137,1941,244
17138,1941,261
17139,1941,101
17140,1941,67
17141,1941,77
17142,1941,78
17143,1941,88
17144,1941,211
17146,1941,161
17147,1941,100
17148,1941,242
17149,1941,112
17150,1941,79
17151,1941,80
17152,1941,81
17153,1941,214
17154,1941,19
17155,1941,59
17156,1941,193
17157,1941,140
17158,1941,151
17159,1941,201
17160,1941,186
17163,1941,212
17164,1941,275
17165,1941,224
17166,1941,90
17167,1941,235
17168,1941,217
17169,1941,256
17170,1941,260
17171,1941,249
17172,1941,225
17175,1941,3
17176,1941,192
17177,1941,139
17178,1941,272
17179,1941,162
17180,1941,255
17181,1941,237
17182,1941,91
17183,1941,163
17184,1941,20
17185,1941,178
17186,1941,116
17187,1941,92
17188,1941,143
17189,1941,240
17190,1941,21
17191,1941,22
17192,1941,23
17193,1941,213
17194,1941,257
17196,1941,262
17197,1941,270
17198,1941,189
17199,1941,230
17200,1941,148
17201,1941,247
17203,1941,73
17204,1941,104
17205,1941,274
17206,1941,131
17207,1941,246
17208,1941,210
17209,1941,120
17210,1941,252
17211,1941,169
17212,1941,12
17214,1941,195
17215,1941,258
17216,1941,84
17217,1941,228
17218,1941,205
17219,1941,132
17220,1941,204
17221,1941,175
17222,1941,135
17223,1941,134
17224,1941,202
17225,1941,149
17226,1941,124
17227,1941,136
17228,1941,155
17229,1941,24
17230,1941,26
17231,1941,105
17232,1941,106
17233,1941,108
17234,1941,37
17235,1941,41
17236,1941,43
17237,1941,130
17238,1941,208
17239,1941,182
17240,1941,266
17241,1941,128
17242,1941,206
17243,1941,93
17244,1941,207
17245,1941,168
17246,1941,137
17247,1941,156
17248,1941,231
17249,1941,172
17250,1941,129
17251,1941,95
17252,1941,159
17253,1941,96
17254,1941,239
17255,1941,253
17256,1941,263
17257,1941,85
17259,1941,86
17260,1941,153
17261,1941,171
17262,1941,98
17263,1941,154
17264,1941,117
17265,1941,160
17266,1942,243
17267,1942,67
17268,1942,162
17269,1942,255
17270,1942,270
17271,1943,188
17272,1943,166
17273,1943,222
17274,1943,269
17275,1943,267
17276,1943,243
17278,1943,214
17282,1943,235
17283,1943,192
17284,1943,139
17285,1943,272
17286,1943,162
17287,1943,255
17288,1943,213
17289,1943,257
17291,1943,270
17292,1943,148
17293,1943,247
17295,1943,136
17296,1943,130
17297,1943,182
17298,1943,266
17299,1943,209
17300,1943,239
17301,1943,253
17302,1943,263
17303,1943,154
17304,1943,117
17305,1943,160
17307,1924,269
17308,1924,223
17310,1924,195
17311,1924,258
17312,1924,84
17313,1924,209
17314,1924,239
17316,1924,86
17317,1679,276
17318,1682,276
17319,1854,276
17349,1946,262
17350,1947,262
17355,1952,267
17362,1959,275
17363,1960,275
17364,1961,275
17370,1967,255
17387,1977,262
17388,1950,262
17389,1944,265
17390,1978,274
17401,1679,273
17402,1679,261
17404,1854,258
17405,1682,261
17559,1984,145
17560,1984,216
17561,1984,61
17562,1984,125
17563,1984,203
17564,1984,193
17565,1984,270
17566,1984,230
17567,1984,247
17570,1987,272
17571,1987,162
17572,1987,255
17573,1988,187
17574,1988,218
17575,1988,76
17576,1988,121
17577,1988,123
17578,1988,158
17579,1988,188
17580,1988,166
17581,1988,17
17582,1988,99
17583,1988,259
17584,1988,222
17585,1988,269
17586,1988,267
17587,1988,275
17588,1988,272
17589,1988,162
17590,1988,255
17591,1988,262
17593,1990,281
17594,1991,187
17595,1991,218
17596,1991,188
17597,1991,166
17598,1991,222
17599,1991,269
17600,1991,267
17601,1992,240
17604,1994,218
17605,1994,259
17607,1996,67
17608,1997,67
17632,2017,281
17633,2018,281
17634,2019,281
17635,2020,281
17636,2021,281
17654,2027,227
17655,2027,145
17656,2027,216
17657,2027,61
17658,2027,125
17659,2027,229
17660,2027,251
17661,2027,203
17662,2027,67
17663,2027,193
17664,2027,270
17665,2027,230
17666,2027,148
17667,2027,247
17668,2028,227
17669,2028,145
17670,2028,216
17671,2028,125
17672,2028,203
17673,2028,67
17674,2028,193
17675,2028,270
17676,2028,230
17677,2028,247
17687,846,157
17688,846,187
17689,846,218
17690,846,259
17691,846,267
17692,2033,250
17693,2033,227
17694,2033,277
17704,2034,142
17707,2034,157
17708,2034,187
17709,2034,188
17710,2034,166
17711,2034,213
17712,2034,206
17713,2035,285
17715,2037,285
17717,2039,284
17724,2041,284
17725,2041,285
17727,2047,284
17728,2047,285
17729,2046,284
17730,2046,285
17731,2042,222
17732,2042,269
17733,2042,267
17734,2042,284
17735,2042,285
17736,2040,284
17737,2040,285
17742,2053,281
17743,2054,281
17744,2055,286
17746,304,276
17747,2002,166
17748,2002,209
17752,2048,17
17753,2048,259
17754,2048,222
17755,2048,269
17756,2048,267
17757,2059,268
17758,2060,268
17759,2061,266
17760,2062,218
17761,2062,188
17762,2062,222
17763,2062,269
17766,2065,275
17772,2070,222
17773,2070,267
17774,2070,282
17775,2070,284
17776,2070,285
17778,1903,269
17793,2083,272
17794,2083,162
17795,2083,255
17797,2079,290
17799,2041,288
17800,2041,282
17801,2041,290
17802,2041,287
17803,2041,286
17804,2040,288
17805,2040,282
17806,2040,290
17807,2040,286
17808,2042,288
17809,2042,282
17810,2042,290
17811,2042,287
17812,2042,286
17813,2086,17
17814,2086,259
17815,2086,222
17816,2086,269
17817,2086,267
17818,2086,243
17819,2086,214
17820,2086,275
17821,2086,265
17822,2086,272
17823,2086,162
17824,2086,255
17826,2086,282
17827,2086,281
17828,2086,280
17829,2086,266
17830,2086,253
17831,2086,263
17832,2086,284
17833,2086,285
17834,2083,17
17835,2083,259
17836,2083,222
17837,2083,269
17838,2083,267
17839,2083,294
17842,2097,295
17843,2098,295
17844,2099,295
17847,1904,294
17848,2109,255
17849,1854,293
17852,1854,291
17871,2111,291
17874,2118,250
17875,2118,227
17876,2118,216
17877,2118,277
17878,2118,67
17879,2118,270
17880,2118,230
17881,2118,148
17882,2118,247
17883,2118,306
17884,2118,292
17885,2119,227
17886,2119,145
17887,2119,216
17888,2119,277
17889,2119,67
17890,2119,270
17891,2119,230
17892,2119,148
17893,2119,247
17894,2119,306
17895,2119,292
17896,2120,227
17897,2120,145
17898,2120,216
17899,2120,277
17900,2120,67
17901,2120,270
17902,2120,230
17903,2120,148
17904,2120,247
17905,2120,306
17906,2120,292
17907,2121,227
17908,2121,145
17909,2121,216
17910,2121,277
17911,2121,67
17912,2121,270
17913,2121,230
17914,2121,148
17915,2121,247
17916,2121,306
17917,2121,292
17918,2122,292
17919,2123,292
17920,2124,303
17926,2143,296
17931,2104,301
17932,2112,304
17933,2106,303
17934,2125,301
17935,2128,301
17938,2130,301
17939,2131,301
17945,2136,307
17946,2136,299
17952,2154,308
17953,2155,308
17954,2113,304
17964,2149,304
17965,2149,270
17966,2149,303
17967,2149,281
17970,2157,301
17971,2158,309
17972,2158,301
17973,2159,309
17974,2160,309
17975,2161,309
17976,2162,301
17977,2163,301
17978,2164,308
17980,2166,308
17983,2169,308
17984,2170,308
17985,2171,308
17986,2172,308
17987,2173,308
17988,2174,308
17989,2175,308
17993,2179,308
17995,2046,187
17996,2046,218
17997,2046,308
17998,2046,222
17999,2046,269
18000,2046,267
18001,2046,294
18002,2046,309
18003,2046,301
18004,2046,304
18006,2046,291
18007,2046,303
18008,2046,239
18009,2046,253
18010,2046,263
18011,2046,299
18012,2047,187
18013,2047,218
18014,2047,308
18015,2047,222
18016,2047,269
18017,2047,267
18018,2047,294
18019,2047,309
18020,2047,301
18021,2047,304
18022,2047,293
18024,2047,291
18025,2047,303
18026,2047,239
18027,2047,253
18028,2047,263
18029,2047,299
18030,2048,218
18031,2048,308
18032,2048,294
18033,2048,309
18034,2048,301
18037,2048,291
18038,2048,303
18039,2048,239
18040,2048,253
18041,2048,263
18042,2048,284
18043,2048,285
18044,2048,299
18045,2140,301
18046,2141,301
18047,2126,301
18048,2181,293
18050,2182,125
18051,2182,144
18052,2182,220
18053,2182,51
18055,2182,142
18057,2182,157
18058,2182,187
18059,2182,218
18060,2182,76
18061,2182,121
18062,2182,123
18063,2182,158
18064,2182,188
18065,2182,166
18066,2182,17
18067,2182,99
18068,2182,259
18069,2182,308
18070,2182,222
18071,2182,269
18072,2182,267
18073,2182,294
18074,2182,309
18075,2182,301
18076,2182,243
18077,2182,244
18078,2182,261
18079,2182,100
18080,2182,80
18081,2182,81
18082,2182,214
18083,2182,19
18084,2182,193
18085,2182,140
18086,2182,304
18087,2182,186
18088,2182,212
18089,2182,293
18091,2182,275
18092,2182,217
18093,2182,256
18094,2182,249
18095,2182,225
18097,2182,3
18098,2182,192
18099,2182,139
18100,2182,265
18101,2182,273
18102,2182,291
18103,2182,272
18104,2182,162
18105,2182,255
18106,2182,23
18107,2182,213
18109,2182,230
18110,2182,148
18111,2182,247
18112,2182,282
18113,2182,303
18114,2182,289
18115,2182,73
18116,2182,104
18117,2182,290
18118,2182,281
18119,2182,274
18120,2182,131
18121,2182,246
18122,2182,276
18123,2182,210
18124,2182,120
18125,2182,252
18126,2182,169
18127,2182,262
18129,2182,205
18130,2182,132
18131,2182,124
18132,2182,136
18133,2182,155
18134,2182,130
18135,2182,280
18136,2182,266
18137,2182,95
18138,2182,96
18139,2182,209
18140,2182,239
18141,2182,253
18142,2182,263
18143,2182,284
18144,2182,285
18145,2182,299
18146,2133,269
18147,2134,309
18148,2183,299
18152,2187,307
18153,2188,293
18155,2189,293
18157,2190,309
18158,2190,301
18165,2153,304
18166,2138,308
18168,2197,282
18169,2198,310
18170,2199,310
18172,2201,310
18174,2204,311
18175,2205,311
18176,2206,311
18178,2209,301
18179,2208,309
18180,2210,308
18185,2090,310
18188,2214,162
18202,2199,275
18203,2203,259
18204,2203,308
18205,2203,222
18206,2203,269
18207,2203,267
18208,2203,294
18209,2203,309
18210,2203,301
18211,2203,304
18212,2203,265
18213,2203,273
18214,2203,291
18215,2203,282
18216,2203,303
18217,2203,284
18218,2203,285
18219,2203,299
18220,2214,255
18223,2215,157
18224,2215,187
18225,2215,76
18226,2215,188
18228,2105,296
18229,2105,239
18230,2105,253
18231,2105,263
18232,2105,284
18233,2105,285
18234,2105,299
18235,2218,309
18241,2224,255
18243,2227,312
18244,2230,308
18245,2231,308
18247,2233,308
18248,2234,313
18249,2235,313
18250,2236,313
18252,2238,306
18253,2239,306
18254,2240,312
18255,2241,312
18256,2242,312
18257,2243,306
18258,2228,317
18259,2229,317
18261,2244,255
18262,2245,255
18263,2246,255
18264,2247,255
18265,2248,255
18266,2249,255
18267,2250,255
18268,2258,255
18269,2258,319
18270,2257,255
18271,2257,319
18272,2256,255
18273,2256,319
18274,2251,255
18275,2251,319
18276,2253,255
18277,2253,319
18278,2252,255
18279,2252,319
18280,2254,255
18281,2254,319
18285,2259,255
18286,2259,319
18287,2260,315
18288,2261,319
18289,2270,255
18290,2270,319
18291,2271,255
18292,2271,319
18293,2272,162
18294,2272,255
18295,2273,255
18296,2273,319
18297,2274,255
18298,2274,319
18299,2275,255
18300,2275,319
18301,2276,255
18302,2276,319
18303,2277,255
18304,2277,319
18305,2278,314
18306,2279,314
18307,2280,314
18308,2281,314
18309,2282,314
18310,2283,314
18314,2287,316
18315,2288,310
18317,2272,319
18319,2290,314
18320,2290,294
18321,2290,309
18322,2290,301
18323,2290,304
18324,2290,312
18325,2290,310
18326,2290,275
18327,2290,139
18328,2290,265
18329,2290,273
18330,2290,318
18331,2290,291
18332,2290,272
18333,2290,162
18334,2290,255
18335,2290,282
18336,2290,303
18337,2290,289
18338,2290,315
18339,2290,313
18340,2290,266
18341,2290,284
18342,2290,285
18343,2290,299
18345,2291,320
18346,2292,320
18347,2293,320
18349,2295,320
18350,2296,320
18351,2297,320
18352,2298,320
18353,2299,320
18359,2312,312
18362,2310,322
18363,2315,315
18368,2320,316
18371,2323,321
18372,2324,321
18373,2325,313
18374,2326,313
18375,2327,320
18378,2331,323
18386,2335,323
18387,2336,313
18389,2339,301
18392,2342,321
18393,2343,321
18394,2344,321
18395,2345,321
18396,2347,275
18397,2346,325
18398,2347,327
18404,2353,301
18405,2262,314
18406,2262,267
18407,2262,294
18408,2262,309
18409,2262,301
18410,2262,312
18411,2262,291
18412,2262,255
18413,2262,319
18414,2262,303
18415,2354,293
18672,2198,327
18673,1961,312
18674,1961,310
18675,1961,327
18676,1959,310
18677,1959,327
18678,1960,310
18679,1960,327
18680,2357,325
18681,2358,327
18682,2359,321
18683,2360,255
18684,2360,319
18685,2361,255
18686,2361,319
18687,2362,255
18688,2362,319
18689,2363,293
18691,2365,320
18692,2366,330
18693,2367,330
18694,2368,330
18695,2369,330
18696,2370,330
18699,2373,321
18700,2374,329
18701,2375,329
18702,2376,329
18707,2379,331
18708,2380,331
18709,2381,331
18711,2383,331
18712,2384,331
18713,2385,330
18714,2386,330
18715,2387,330
18716,2388,162
18717,2388,255
18718,2388,319
18719,2389,326
18720,2389,331
18721,2390,162
18722,2390,255
18723,2390,319
18724,2391,326
18725,2391,331
18727,2393,314
18728,2394,314
18729,2395,314
18730,2396,314
18731,2397,326
18732,2398,332
18734,2400,321
18736,2402,304
18737,2402,312
18738,2402,291
18739,2402,320
18740,2402,282
18741,2402,303
18742,2402,315
18743,2402,292
18744,2402,284
18745,2402,285
18746,2402,299
18747,2403,259
18748,2403,308
18749,2403,314
18750,2403,309
18751,2403,301
18752,2403,311
18753,2403,304
18754,2403,293
18755,2403,312
18756,2403,310
18757,2403,327
18758,2403,317
18759,2403,291
18760,2403,272
18761,2403,319
18762,2403,323
18763,2403,320
18764,2403,282
18765,2403,321
18766,2403,326
18767,2403,331
18768,2403,303
18769,2403,290
18770,2403,313
18771,2403,306
18772,2403,292
18773,2403,284
18774,2403,285
18775,2403,299
18776,2404,329
18777,2405,329
18778,2406,308
18779,2406,314
18780,2406,301
18781,2406,312
18782,2406,282
18783,2406,331
18784,2406,313
18785,2407,314
18786,2408,255
18787,2408,319
18788,2409,255
18789,2409,319
18790,2410,255
18791,2410,319
18794,2351,326
18795,2338,326
18796,2348,326
18797,2411,332
18798,2412,332
18799,2413,332
18800,2414,332
18801,2415,332
18802,2352,326
18803,2416,326
18806,2419,326
18814,2436,333
18815,2437,333
18816,2438,333
18817,2439,333
18818,2440,333
18819,2441,255
18820,2441,319
18821,2442,255
18822,2442,319
18823,2443,255
18824,2443,319
18825,2444,255
18826,2444,319
18827,2445,333
18828,2446,333
18829,2447,255
18830,2447,319
18831,2448,255
18832,2448,319
18833,2449,255
18834,2449,319
18835,2450,255
18836,2450,319
18839,2452,255
18840,2452,319
18841,2453,255
18842,2453,319
18843,2454,255
18844,2454,319
18845,2455,255
18846,2455,319
18847,2456,333
18848,2457,335
18849,2458,335
18850,2459,335
18851,2460,335
18852,2461,333
18853,2462,333
18854,2463,333
18855,2464,333
18856,2465,333
18857,2466,333
18858,2466,320
18859,2466,282
18860,2466,321
18861,2426,333
18862,2428,333
18863,2434,333
18864,2435,333
18865,2432,333
18867,2433,333
18868,2040,312
18869,2040,333
18870,2429,333
18871,2423,332
18872,2420,332
18873,2422,332
18874,2421,332
18875,2265,314
18876,2265,267
18877,2265,301
18878,2265,312
18879,2265,333
18880,2265,326
18881,2265,331
18882,2265,332
18883,2263,312
18884,2263,333
18885,2263,272
18886,2263,162
18887,2263,255
18888,2263,319
18889,2263,320
18890,2263,282
18891,2263,321
18892,2263,326
18893,2263,331
18894,2263,332
18895,2263,284
18896,2263,335
18897,2263,285
18898,2467,333
18899,2468,333
18900,2469,333
18901,2470,333
18902,2471,333
18903,2472,333
18904,2473,333
18905,2456,312
18906,2456,320
18907,2474,334
18908,2475,334
18909,2476,335
18910,2477,335
18911,2478,335
18912,2479,166
18913,2479,308
18914,2479,222
18915,2479,269
18916,2479,314
18917,2479,267
18918,2479,294
18919,2479,309
18920,2479,301
18921,2479,293
18922,2479,325
18923,2479,312
18924,2479,333
18925,2479,317
18926,2479,256
18927,2479,249
18928,2479,225
18929,2479,3
18930,2479,139
18931,2479,265
18932,2479,273
18933,2479,291
18934,2479,162
18935,2479,255
18936,2479,319
18937,2479,323
18938,2479,320
18939,2479,282
18940,2479,326
18941,2479,303
18942,2479,332
18943,2479,313
18944,2479,276
18945,2479,209
18946,2479,239
18947,2479,253
18948,2479,263
18949,2479,335
18950,2479,299
18951,2479,330
18952,2480,333
18953,2481,333
18954,2482,333
18955,2483,333
18956,2484,157
18957,2484,187
18958,2484,218
18959,2484,76
18960,2484,121
18961,2484,123
18962,2484,158
18963,2484,188
18964,2484,166
18965,2484,17
18966,2484,99
18967,2484,259
18968,2484,308
18969,2484,222
18970,2484,269
18971,2484,314
18972,2484,267
18973,2484,294
18974,2484,309
18975,2484,301
18977,2486,203
18978,2486,157
18979,2486,187
18980,2486,218
18981,2486,76
18982,2486,121
18983,2486,123
18984,2486,158
18985,2486,188
18986,2486,166
18987,2486,17
18988,2486,99
18989,2486,259
18990,2486,308
18991,2486,222
18992,2486,269
18993,2486,314
18994,2486,267
18995,2486,294
18996,2486,309
18997,2486,301
18998,2486,334
18999,2486,304
19000,2486,293
19001,2486,325
19002,2486,312
19003,2486,333
19004,2486,310
19005,2486,327
19006,2486,224
19007,2486,90
19008,2486,235
19009,2486,317
19010,2486,217
19011,2486,139
19012,2486,265
19013,2486,273
19014,2486,291
19015,2486,272
19016,2486,162
19017,2486,255
19018,2486,319
19019,2486,21
19020,2486,22
19021,2486,23
19022,2486,323
19023,2486,329
19024,2486,247
19025,2486,320
19026,2486,282
19027,2486,321
19028,2486,326
19029,2486,331
19030,2486,303
19031,2486,332
19032,2486,131
19033,2486,315
19034,2486,313
19035,2486,276
19036,2486,210
19037,2486,120
19038,2486,252
19039,2486,132
19040,2486,324
19041,2486,253
19042,2486,263
19043,2486,284
19044,2486,335
19045,2486,285
19046,2486,299
19047,2487,173
19048,2487,60
19049,2487,238
19050,2487,216
19051,2487,174
19052,2487,61
19053,2487,183
19054,2487,58
19055,2487,62
19056,2487,125
19057,2487,176
19058,2487,144
19059,2487,49
19060,2487,50
19061,2487,264
19062,2487,229
19063,2487,220
19064,2487,51
19065,2487,251
19066,2487,245
19067,2487,203
19068,2487,157
19069,2487,187
19070,2487,218
19071,2487,76
19072,2487,121
19073,2487,123
19074,2487,158
19075,2487,188
19076,2487,166
19077,2487,17
19078,2487,99
19079,2487,259
19080,2487,308
19081,2487,222
19082,2487,269
19083,2487,314
19084,2487,267
19085,2487,294
19086,2487,309
19087,2487,334
19088,2487,214
19089,2487,304
19090,2487,293
19091,2487,325
19092,2487,312
19093,2487,333
19094,2487,310
19095,2487,327
19096,2487,275
19097,2487,256
19098,2487,192
19099,2487,265
19100,2487,273
19101,2487,291
19102,2487,272
19103,2487,162
19104,2487,255
19105,2487,319
19106,2487,21
19107,2487,22
19108,2487,23
19109,2487,323
19110,2487,329
19111,2487,213
19112,2487,320
19113,2487,282
19114,2487,321
19115,2487,326
19116,2487,331
19117,2487,303
19118,2487,332
19119,2487,289
19120,2487,281
19121,2487,131
19122,2487,315
19123,2487,313
19124,2487,276
19125,2487,132
19126,2487,280
19127,2487,324
19128,2487,253
19129,2487,284
19130,2487,335
19131,2487,285
19132,2487,299
19133,2487,330
19134,2491,334
19135,2492,334
19136,2493,334
19137,2494,334
19138,2495,157
19139,2495,187
19140,2495,218
19141,2495,76
19142,2495,121
19143,2495,123
19144,2495,188
19145,2495,166
19146,2495,17
19147,2495,99
19148,2495,259
19149,2495,308
19150,2495,222
19151,2495,269
19152,2495,314
19153,2495,267
19154,2495,309
19155,2495,301
19156,2495,334
19157,2495,293
19158,2495,325
19159,2495,312
19160,2495,333
19161,2495,162
19162,2495,255
19163,2495,319
19164,2495,23
19165,2495,323
19166,2495,329
19167,2495,320
19168,2495,282
19169,2495,321
19170,2495,326
19171,2495,331
19172,2495,303
19173,2495,332
19174,2495,313
19175,2495,253
19176,2495,263
19177,2495,284
19178,2495,335
19179,2495,285
19180,2495,299
19181,2495,330
19182,2496,293
19183,2496,312
19184,2496,333
19185,2496,265
19186,2496,291
19187,2496,320
19188,2496,282
19189,2496,321
19190,2496,303
19191,2496,263
19192,2496,335
19193,2497,335
19194,2498,336
19195,2499,336
19196,2500,329
19197,2501,331
19198,2502,255
19199,2502,319
19200,2503,337
19201,2504,293
19202,2504,312
19203,2504,333
19204,2504,310
19205,2504,327
19206,2504,275
19207,2504,272
19208,2504,162
19209,2504,255
19210,2504,319
19211,2504,323
19212,2504,329
19213,2504,320
19214,2504,282
19215,2504,321
19216,2504,326
19217,2504,331
19218,2504,281
19219,2504,284
19220,2504,335
19221,2504,285
19222,2504,299
19223,2504,330
19224,2505,293
19225,2505,325
19226,2505,312
19227,2505,333
19228,2505,310
19229,2505,327
19230,2505,275
19231,2505,272
19232,2505,162
19233,2505,255
19234,2505,319
19235,2505,320
19236,2505,282
19237,2505,321
19238,2505,326
19239,2505,331
19240,2505,303
19241,2505,276
19242,2505,335
19243,2505,285
19244,2505,299
19245,2505,330
19246,2506,293
19247,2506,325
19248,2506,312
19249,2506,333
19250,2506,310
19251,2506,327
19252,2506,275
19253,2506,272
19254,2506,162
19255,2506,255
19256,2506,319
19257,2507,255
19258,2507,319
19259,2508,255
19260,2508,319
19261,2509,255
19262,2509,319
19263,2510,173
19264,2510,238
19265,2510,216
19266,2510,174
19267,2510,61
19268,2510,183
19269,2510,58
19270,2510,62
19271,2510,125
19272,2510,176
19273,2510,144
19274,2510,49
19275,2510,50
19276,2510,264
19277,2510,229
19278,2510,220
19279,2510,51
19280,2510,251
19281,2510,203
19282,2510,157
19283,2510,187
19284,2510,218
19285,2510,76
19286,2510,121
19287,2510,123
19288,2510,158
19289,2510,188
19290,2510,166
19291,2510,17
19292,2510,99
19293,2510,259
19294,2510,308
19295,2510,222
19296,2510,269
19297,2510,314
19298,2510,267
19299,2510,294
19300,2510,309
19301,2510,301
19302,2510,337
19303,2510,334
19304,2510,304
19305,2510,293
19306,2510,325
19307,2510,312
19308,2510,333
19309,2510,322
19310,2510,317
19311,2510,217
19312,2510,249
19313,2510,225
19314,2510,3
19315,2510,192
19316,2510,139
19317,2510,265
19318,2510,273
19319,2510,318
19320,2510,291
19321,2510,162
19322,2510,255
19323,2510,319
19324,2510,21
19325,2510,22
19326,2510,23
19327,2510,323
19328,2510,329
19329,2510,270
19330,2510,189
19331,2510,230
19332,2510,148
19333,2510,247
19334,2510,320
19335,2510,282
19336,2510,321
19337,2510,326
19338,2510,331
19339,2510,303
19340,2510,338
19341,2510,332
19342,2510,315
19343,2510,313
19344,2510,276
19345,2510,210
19346,2510,120
19347,2510,252
19348,2510,239
19349,2510,253
19350,2510,263
19351,2510,284
19352,2510,335
19353,2510,285
19354,2510,330
19355,2511,166
19356,2511,17
19357,2511,99
19358,2511,259
19359,2511,308
19360,2511,222
19361,2511,269
19362,2511,314
19363,2511,267
19364,2511,294
19365,2511,309
19366,2511,301
19367,2511,337
19368,2511,334
19369,2511,293
19370,2511,325
19371,2511,312
19372,2511,333
19373,2511,310
19374,2511,327
19375,2511,275
19376,2511,317
19377,2511,139
19378,2511,265
19379,2511,273
19380,2511,272
19381,2511,162
19382,2511,255
19383,2511,319
19384,2511,23
19385,2511,323
19386,2511,329
19387,2511,320
19388,2511,282
19389,2511,321
19390,2511,326
19391,2511,331
19392,2511,303
19393,2511,338
19394,2511,332
19395,2511,289
19396,2511,313
19397,2511,276
19398,2511,239
19399,2511,253
19400,2511,263
19401,2511,335
19402,2511,285
19403,2511,299
19404,2511,330
19405,2512,166
19406,2512,17
19407,2512,99
19408,2512,259
19409,2512,308
19410,2512,222
19411,2512,269
19412,2512,267
19413,2512,294
19414,2512,309
19415,2512,301
19416,2512,337
19417,2512,334
19418,2512,214
19419,2512,293
19420,2512,325
19421,2512,312
19422,2512,333
19423,2512,310
19424,2512,327
19425,2512,275
19426,2512,291
19427,2512,272
19428,2512,162
19429,2512,255
19430,2512,319
19431,2512,323
19432,2512,329
19433,2512,320
19434,2512,282
19435,2512,321
19436,2512,326
19437,2512,331
19438,2512,303
19439,2512,338
19440,2512,332
19441,2512,289
19442,2512,315
19443,2512,313
19444,2512,276
19445,2512,239
19446,2512,253
19447,2512,263
19448,2512,295
19449,2512,284
19450,2512,335
19451,2512,285
19452,2512,299
19453,2512,330
19454,2513,259
19455,2513,308
19456,2513,222
19457,2513,269
19458,2513,314
19459,2513,267
19460,2513,294
19461,2513,309
19462,2513,301
19463,2513,293
19464,2513,325
19465,2513,312
19466,2513,333
19467,2513,291
19468,2513,162
19469,2513,255
19470,2513,319
19471,2513,22
19472,2513,23
19473,2513,323
19474,2513,329
19475,2513,320
19476,2513,282
19477,2513,321
19478,2513,326
19479,2513,331
19480,2513,303
19481,2513,338
19482,2513,332
19483,2055,311
19484,280,288
19485,2514,338
19486,2515,338
19487,2516,338
19494,2526,340
19495,2527,340
19496,2528,340
19497,2529,340
19498,2530,340
19499,2531,340
19501,2533,340
19513,2545,339
19514,2547,339
19515,2548,339
19516,2549,339
19517,2550,339
19518,2551,339
19519,2552,339
19520,2554,339
19521,2555,339
19523,2556,339
19525,2557,339
19527,2558,339
19528,2558,340
19529,2559,339
19531,2560,333
19532,2561,339
19533,2562,339
19534,2563,339
19535,2564,339
19536,2565,339
19537,2566,339
19538,2567,339
19539,2568,339
19540,2569,339
19541,2570,339
19542,2571,339
19543,2572,339
19544,2573,339
19545,2574,339
19546,2575,339
19547,2576,339
19548,2577,339
19549,2578,339
19550,2579,339
19551,2580,339
19552,2581,339
19553,2582,339
19554,2583,339
19555,2584,339
19556,2585,339
19557,2586,339
19558,2587,339
19559,2588,339
19560,2589,339
19561,2535,339
19562,2540,339
19563,2543,339
19564,2544,339
19565,2539,339
19566,2537,339
19567,2541,339
19568,2538,339
19569,2542,339
19570,2536,339
19571,2590,339
19572,2591,319
19573,2592,339
19574,2593,339
19575,2594,339
19576,2595,339
19577,2596,339
19578,2597,339
19579,2598,339
19580,2599,339
19581,2600,339
19582,2523,339
19583,2522,339
19584,2524,339
19585,2521,339
19586,2520,339
19587,2525,339
19588,2602,341
19589,2603,341
19590,2604,341
19591,2605,341
19592,2606,341
19593,2607,339
19594,2308,342
19595,2307,342
19596,2308,345
19597,2307,345
19598,2308,346
19599,2307,346
19600,2308,349
19601,2307,349
19602,2532,339
19603,2608,162
19604,2608,255
19605,2608,319
19606,2608,339
19607,2609,342
19608,2610,342
19609,2611,342
19610,2612,342
19611,2613,342
19612,2614,342
19613,2615,342
19614,2616,342
19615,2617,342
19616,2618,338
19617,2619,187
19618,2619,76
19619,2619,166
19620,2619,308
19621,2619,269
19622,2619,267
19623,2619,294
19624,2619,309
19625,2619,337
19626,2619,334
19627,2619,293
19628,2619,325
19629,2619,312
19630,2619,333
19631,2619,310
19632,2619,327
19633,2619,275
19634,2619,272
19635,2619,162
19636,2619,255
19637,2619,319
19638,2619,339
19639,2619,340
19640,2619,320
19641,2619,282
19642,2619,321
19643,2619,342
19644,2619,326
19645,2619,331
19646,2619,332
19647,2619,313
19648,2619,341
19649,2619,276
19650,2619,344
19651,2619,132
19652,2619,253
19653,2619,263
19654,2619,348
19655,2619,335
19656,2619,285
19657,2619,299
19658,2619,347
19659,2619,330
19660,2620,157
19661,2620,121
19662,2620,158
19663,2620,349
19664,2620,166
19665,2620,17
19666,2620,308
19667,2620,269
19668,2620,267
19669,2620,294
19670,2620,309
19671,2620,301
19672,2620,343
19673,2620,293
19674,2620,325
19675,2620,312
19676,2620,333
19677,2620,310
19678,2620,327
19679,2620,275
19680,2620,272
19681,2620,162
19682,2620,255
19683,2620,319
19684,2620,339
19685,2620,340
19686,2620,320
19687,2620,282
19688,2620,321
19689,2620,342
19690,2620,326
19691,2620,331
19692,2620,281
19693,2620,341
19694,2620,276
19695,2620,344
19696,2620,253
19697,2620,263
19698,2620,348
19699,2620,335
19700,2620,285
19701,2620,299
19702,2620,347
19703,2621,187
19704,2621,76
19705,2621,121
19706,2621,188
19707,2621,166
19708,2621,17
19709,2621,99
19710,2621,308
19711,2621,222
19712,2621,269
19713,2621,314
19714,2621,267
19715,2621,294
19716,2621,309
19717,2621,301
19718,2621,343
19719,2621,337
19720,2621,334
19721,2621,304
19722,2621,293
19723,2621,325
19724,2621,312
19725,2621,333
19726,2621,310
19727,2621,327
19728,2621,275
19729,2621,291
19730,2621,272
19731,2621,162
19732,2621,255
19733,2621,319
19734,2621,339
19735,2621,23
19736,2621,340
19737,2621,320
19738,2621,282
19739,2621,321
19740,2621,342
19741,2621,326
19742,2621,331
19743,2621,303
19744,2621,345
19745,2621,332
19746,2621,289
19747,2621,341
19748,2621,276
19749,2621,253
19750,2621,263
19751,2621,348
19752,2621,335
19753,2621,285
19754,2621,299
19755,2621,347
19756,2621,330
19757,2622,157
19758,2622,187
19759,2622,76
19760,2622,121
19761,2622,188
19762,2622,349
19763,2622,166
19764,2622,17
19765,2622,99
19766,2622,259
19767,2622,308
19768,2622,222
19769,2622,269
19770,2622,314
19771,2622,267
19772,2622,294
19773,2622,309
19774,2622,301
19775,2622,343
19776,2622,337
19777,2622,334
19778,2622,304
19779,2622,293
19780,2622,325
19781,2622,312
19782,2622,333
19783,2622,310
19784,2622,327
19785,2622,275
19786,2622,291
19787,2622,272
19788,2622,162
19789,2622,255
19790,2622,319
19791,2622,339
19792,2622,23
19793,2622,340
19794,2622,320
19795,2622,282
19796,2622,321
19797,2622,342
19798,2622,326
19799,2622,331
19800,2622,303
19801,2622,345
19802,2622,338
19803,2622,332
19804,2622,341
19805,2622,276
19806,2622,253
19807,2622,263
19808,2622,348
19809,2622,335
19810,2622,285
19811,2622,299
19812,2622,347
19813,2622,330
19814,2623,157
19815,2623,187
19816,2623,218
19817,2623,76
19818,2623,121
19819,2623,123
19820,2623,158
19821,2623,188
19822,2623,349
19823,2623,166
19824,2623,17
19825,2623,99
19826,2623,259
19827,2623,308
19828,2623,222
19829,2623,269
19830,2623,314
19831,2623,267
19832,2623,294
19833,2623,309
19834,2623,301
19835,2623,343
19836,2623,337
19837,2623,334
19838,2623,304
19839,2623,293
19840,2623,325
19841,2623,312
19842,2623,333
19843,2623,310
19844,2623,327
19845,2623,275
19846,2623,291
19847,2623,272
19848,2623,162
19849,2623,255
19850,2623,319
19851,2623,339
19852,2623,23
19853,2623,346
19854,2623,340
19855,2623,320
19856,2623,282
19857,2623,321
19858,2623,342
19859,2623,326
19860,2623,331
19861,2623,303
19862,2623,345
19863,2623,338
19864,2623,332
19865,2623,341
19866,2623,276
19867,2623,344
19868,2623,253
19869,2623,263
19870,2623,348
19871,2623,335
19872,2623,285
19873,2623,299
19874,2623,347
19875,2623,330
19876,2624,157
19877,2624,187
19878,2624,218
19879,2624,76
19880,2624,121
19881,2624,123
19882,2624,158
19883,2624,188
19884,2624,349
19885,2624,166
19886,2624,17
19887,2624,99
19888,2624,259
19889,2624,308
19890,2624,222
19891,2624,269
19892,2624,314
19893,2624,267
19894,2624,294
19895,2624,309
19896,2624,301
19897,2624,343
19898,2624,337
19899,2624,334
19900,2624,304
19901,2624,293
19902,2624,325
19903,2624,312
19904,2624,333
19905,2624,310
19906,2624,327
19907,2624,275
19908,2624,317
19909,2624,291
19910,2624,272
19911,2624,162
19912,2624,255
19913,2624,319
19914,2624,339
19915,2624,23
19916,2624,340
19917,2624,320
19918,2624,282
19919,2624,321
19920,2624,342
19921,2624,326
19922,2624,331
19923,2624,303
19924,2624,345
19925,2624,338
19926,2624,332
19927,2624,341
19928,2624,276
19929,2624,344
19930,2624,253
19931,2624,348
19932,2624,335
19933,2624,285
19934,2624,299
19935,2624,347
19936,2624,330
19937,2635,348
19938,2636,348
19939,2637,348
19940,2638,348
19941,2639,339
19942,2639,340
19943,2640,339
19944,2640,340
19945,2643,349
19946,2646,349
19947,2647,349
19948,2648,349
19949,2649,349
19950,2650,349
19951,2651,345
19952,2652,347
19953,2653,347
19954,2654,347
19955,2655,347
19956,2656,347
19957,2657,347
19958,2534,339
19959,2678,347
19960,2679,162
19961,2679,255
19962,2679,319
19963,2679,339
19964,2680,272
19965,2680,162
19966,2680,255
19967,2680,319
19968,2680,339
19969,2620,330
19970,2621,284
19971,2645,293
19972,2513,337
19973,2513,334
19974,2513,304
19975,2513,265
19976,2513,339
19977,2513,346
19978,2513,340
19979,2513,342
19980,2513,345
19981,2513,281
19982,2513,341
19983,2513,348
19984,2513,335
19985,2513,347
19986,2486,339
19988,2682,349
