<?xml version="1.0" encoding="UTF-8"?>
<!DOCTYPE Category_Tree [
<!ATTLIST Category_Tree Version CDATA "2.0">
<!ELEMENT Category_Tree (TreeNode*) >
<!ELEMENT TreeNode (Spotlight*, Style*, TreeNode*) >
<!ATTLIST TreeNode SID CDATA #REQUIRED>
<!ATTLIST TreeNode Caption CDATA #REQUIRED>
<!ATTLIST TreeNode ShortDesc CDATA #IMPLIED>
<!ATTLIST TreeNode LongDesc CDATA #IMPLIED>
<!ATTLIST TreeNode OrderNo CDATA "0">
<!ATTLIST TreeNode Picture CDATA #IMPLIED>
<!ATTLIST TreeNode Thumbnail CDATA #IMPLIED>
<!ELEMENT Style (Upsell*) >
<!ATTLIST Style SID CDATA #REQUIRED>
<!ATTLIST Style OrderNo CDATA "0">
<!ELEMENT Spotlight (Upsell*) >
<!ATTLIST Spotlight SID CDATA #REQUIRED>
<!ATTLIST Spotlight OrderNo CDATA "0">
<!ELEMENT Upsell EMPTY >
<!ATTLIST Upsell SID CDATA #REQUIRED>
<!ATTLIST Upsell OrderNo CDATA "0">
]>
<Category_Tree> <TreeNode  SID="NAACAAAAAIOFGIBC" Caption="English Apparel &amp; Headwear" OrderNo="0"> <TreeNode  SID="OIACAAAACHOFGIBC" Caption="Apparel Casual" OrderNo="0"> <TreeNode  SID="HAAAAAAAFOOFGIBC" Caption="Children&apos;s Shirts" OrderNo="0">  </TreeNode><TreeNode  SID="HAACAAAAAICGGLBC" Caption="Children&apos;s Jackets" OrderNo="1">  </TreeNode><TreeNode  SID="COACAAAABJCGGLBC" Caption="Children&apos;s Pants" OrderNo="2">  </TreeNode><TreeNode  SID="BEACAAAAGBCGGLBC" Caption="Children&apos;s Footwear" OrderNo="3">  </TreeNode><TreeNode  SID="LFAAAAAAFDCGGLBC" Caption="Children&apos;s Accessories" OrderNo="4">  </TreeNode><TreeNode  SID="OAABAAAAADOGGIBC" Caption="Women&apos;s Shirts" OrderNo="5">  </TreeNode><TreeNode  SID="HNABAAAAKNCGGLBC" Caption="Women&apos;s Jackets" OrderNo="6">  </TreeNode><TreeNode  SID="KHABAAAANICGGLBC" Caption="Women&apos;s Pants" OrderNo="7">  </TreeNode><TreeNode  SID="KOADAAAABKCHGLBC" Caption="Women&apos;s Footwear" OrderNo="8">  </TreeNode><TreeNode  SID="CPACAAAAAGCHGLBC" Caption="Women&apos;s Accessories" OrderNo="9">  </TreeNode><TreeNode  SID="KAADAAAAKJOHGIBC" Caption="Men&apos;s Shirts" OrderNo="10">  </TreeNode><TreeNode  SID="HLABAAAAGFCHGLBC" Caption="Men&apos;s Jackets" OrderNo="11">  </TreeNode><TreeNode  SID="DLAAAAAAHDCHGLBC" Caption="Men&apos;s Pants" OrderNo="12">  </TreeNode><TreeNode  SID="JIACAAAAJCCHGLBC" Caption="Men&apos;s Footwear" OrderNo="13">  </TreeNode><TreeNode  SID="LGADAAAAIBCHGLBC" Caption="Men&apos;s Accessories" OrderNo="14">  </TreeNode> </TreeNode><TreeNode  SID="MOAAAAAAAKOIGIBC" Caption="Apparel Riding " OrderNo="1"> <TreeNode  SID="IEAAAAAAFEOIGIBC" Caption="Children&apos;s Shirts" OrderNo="0"> <Style  SID="PAAAIAOMMKIKIGBN" OrderNo="0" /> </TreeNode><TreeNode  SID="BOADAAAAEJCIGLBC" Caption="Children&apos;s Chaps" OrderNo="1">  </TreeNode><TreeNode  SID="PGAAAAAAFNCIGLBC" Caption="Children&apos;s Protective Vests" OrderNo="2">  </TreeNode><TreeNode  SID="HIAAAAAAGACIGLBC" Caption="Children&apos;s Pants &amp; Breeches" OrderNo="4"> <Style  SID="PAAAAAHEHELDEMBF" OrderNo="0" /><Style  SID="PAAAAAAJMKKBCMBB" OrderNo="1" /> </TreeNode><TreeNode  SID="NBADAAAAEPCIGLBC" Caption="Children&apos;s Jackets &amp; Riding Coats" OrderNo="5"> <Style  SID="PAAAIALJIFJLOCBG" OrderNo="0" /><Style  SID="PAAAIAMKGFBLCEAJ" OrderNo="1" /> </TreeNode><TreeNode  SID="EHAAAAAAFKCIGLBC" Caption="Children&apos;s Footwear" OrderNo="6">  </TreeNode><TreeNode  SID="GIACAAAAFGCIGLBC" Caption="Children&apos;s Accessories" OrderNo="7">  </TreeNode><TreeNode  SID="CAACAAAALGOIGIBC" Caption="Women&apos;s Shirts" OrderNo="8"> <Style  SID="PAAAIACOIBHKDOBK" OrderNo="0" /><Style  SID="PAAAIADCLBDMHMBN" OrderNo="1" /><Style  SID="PAAAIAOKJLNFMEAL" OrderNo="2" /> </TreeNode><TreeNode  SID="DEACAAAAPGDEGLBC" Caption="Women&apos;s Chaps" OrderNo="9">  </TreeNode><TreeNode  SID="MLADAAAABADFGLBC" Caption="Women&apos;s Jackets &amp; Riding Coats" OrderNo="10"> <Style  SID="PAAAIAFHPEIAIGBN" OrderNo="0" /><Style  SID="PAAAIACDNNABCJBH" OrderNo="1" /><Style  SID="PAAAIAIGDDJLOCBG" OrderNo="2" /><Style  SID="PAAAAAMDLBPMCCAJ" OrderNo="3" /> </TreeNode><TreeNode  SID="MOABAAAACGDFGLBC" Caption="Women&apos;s Pants &amp; Breeches" OrderNo="11"> <Style  SID="PAAAAAKLNLGLGFBA" OrderNo="0" /><Style  SID="PAAAIAJGPJHNMIAI" OrderNo="1" /><Style  SID="PAAAIACNDALGELBD" OrderNo="2" /><Style  SID="PAAAAAOIJNKMELBD" OrderNo="3" /> </TreeNode><TreeNode  SID="JBAAAAAAEEDFGLBC" Caption="Women&apos;s Footwear" OrderNo="12"> <Style  SID="PAAAIAAACDAPDOBD" OrderNo="0" /><Style  SID="PAAAAACGGKOPLGBM" OrderNo="1" /><Style  SID="PAAAAALJLBDGLOBN" OrderNo="2" /><Style  SID="PAAAAAFAFMMLPPAH" OrderNo="3" /><Style  SID="PAAAAAEPEBEPFDBL" OrderNo="4" /> </TreeNode><TreeNode  SID="LMAAAAAAFEDFGLBC" Caption="Women&apos;s Protectice Vests" OrderNo="13"> <Style  SID="PAAAAAPCECPNIFBG" OrderNo="0" /> </TreeNode><TreeNode  SID="MCADAAAADDDFGLBC" Caption="Women&apos;s Accessories" OrderNo="14"> <Style  SID="PAAAAAGNBGKCPPAP" OrderNo="0" /><Style  SID="PAAAAABNFODEIBBA" OrderNo="1" /><Style  SID="PAAAAAPDDALJGMBE" OrderNo="2" /><Style  SID="PAAAIAIPJGEBCPBK" OrderNo="3" /> </TreeNode><TreeNode  SID="AGACAAAACIOJGIBC" Caption="Men&apos;s Shirts" OrderNo="15">  </TreeNode><TreeNode  SID="BOADAAAAOFDFGLBC" Caption="Men&apos;s Chaps" OrderNo="16">  </TreeNode><TreeNode  SID="ONABAAAAPHDFGLBC" Caption="Men&apos;s Jackets &amp; Riding Coats" OrderNo="17"> <Style  SID="PAAAAAICBBJFOCBG" OrderNo="0" /> </TreeNode><TreeNode  SID="GLADAAAAANDGGLBC" Caption="Men&apos;s Pants &amp; Breeches" OrderNo="18"> <Style  SID="PAAAAANOJJJOEFAI" OrderNo="0" /><Style  SID="PAAAIADBBCHNLEBM" OrderNo="1" /> </TreeNode><TreeNode  SID="DGADAAAACHDGGLBC" Caption="Men&apos;s Footwear" OrderNo="19">  </TreeNode><TreeNode  SID="FGABAAAADFDGGLBC" Caption="Men&apos;s Protective Vests" OrderNo="20">  </TreeNode><TreeNode  SID="HBAAAAAABKDGGLBC" Caption="Men&apos;s Accessories" OrderNo="21"> <Style  SID="PAAAAABNFODEIBBA" OrderNo="0" /><Style  SID="PAAAAAPDDALJGMBE" OrderNo="1" /> </TreeNode> </TreeNode><TreeNode  SID="MOACAAAANGOJGIBC" Caption="Riding Luggage &amp; Equipment Bags" OrderNo="2">  </TreeNode><TreeNode  SID="NGADAAAAOGOJGIBC" Caption="Show Accessories" OrderNo="3">  </TreeNode><TreeNode  SID="GDABAAAAPHOJGIBC" Caption="Helmets, Hats, &amp; Accessories" OrderNo="4"> <TreeNode  SID="DOAAAAAAADOKGIBC" Caption="Show Helmets" OrderNo="0"> <Style  SID="PAAAAAOJDKIPIKBB" OrderNo="0" /><Style  SID="PAAAAADEFGHFHMBN" OrderNo="1" /><Style  SID="PAAAIALNPKECHNBN" OrderNo="2" /> </TreeNode><TreeNode  SID="JDAAAAAABEOKGIBC" Caption="Schooling Helmets" OrderNo="1"> <Style  SID="PAAAAACEHMIAHMBN" OrderNo="0" /><Style  SID="PAAAAAPIDHIGNJAM" OrderNo="1" /> </TreeNode><TreeNode  SID="HGAAAAAACDOKGIBC" Caption="Helmet Covers" OrderNo="2"> <Style  SID="PAAAAAAKFMIOHMBN" OrderNo="0" /><Style  SID="PAAAIACOMOBKHABI" OrderNo="1" /> </TreeNode><TreeNode  SID="LIAAAAAADFOKGIBC" Caption="Carrying Cases" OrderNo="3"> <Style  SID="PAAAIACGONDPBBAI" OrderNo="0" /> </TreeNode> </TreeNode><TreeNode  SID="DFACAAAAEKOKGIBC" Caption="Footwear " OrderNo="5"> <TreeNode  SID="OGAAAAAAGDOKGIBC" Caption="Tall Boots Children" OrderNo="0">  </TreeNode><TreeNode  SID="LIADAAAAJLOKGIBC" Caption="Tall Boots Women&apos;s" OrderNo="1"> <Style  SID="PAAAIAAACDAPDOBD" OrderNo="0" /><Style  SID="PAAAAACGGKOPLGBM" OrderNo="1" /> </TreeNode><TreeNode  SID="IDADAAAALMOKGIBC" Caption="Tall Boots Men&apos;s" OrderNo="2">  </TreeNode><TreeNode  SID="JGAAAAAANCOKGIBC" Caption="Riding &amp; Paddock Children" OrderNo="3">  </TreeNode><TreeNode  SID="AAAAAAAAOAOKGIBC" Caption="Riding &amp; Paddock Women&apos;s" OrderNo="4"> <Style  SID="PAAAAAAPAJJGFOAK" OrderNo="0" /> </TreeNode><TreeNode  SID="OLAAAAAAPBOKGIBC" Caption="Riding &amp; Paddock Men&apos;s" OrderNo="5"> <Style  SID="PAAAIAEMEMMKGDAM" OrderNo="0" /><Style  SID="PAAAAAMGLINJIEBC" OrderNo="1" /><Style  SID="PAAAAAFDACOCIEBC" OrderNo="2" /><Style  SID="PAAAIAAGKEEKLKAN" OrderNo="3" /><Style  SID="PAAAAAFDOILPGDAM" OrderNo="4" /><Style  SID="PAAAAAKLPJOHGDAM" OrderNo="5" /> </TreeNode><TreeNode  SID="PMABAAAAAPOLGIBC" Caption="Muck Women&apos;s" OrderNo="6">  </TreeNode><TreeNode  SID="KJAAAAAABOOLGIBC" Caption="Muck Men&apos;s" OrderNo="7">  </TreeNode><TreeNode  SID="DHAAAAAAOADHGLBC" Caption="Muck Children&apos;s" OrderNo="8">  </TreeNode><TreeNode  SID="KNAAAAAAOMDHGLBC" Caption="Work Boots Men&apos;s" OrderNo="9">  </TreeNode><TreeNode  SID="LEADAAAAPNDHGLBC" Caption="Work Boots Women&apos;s" OrderNo="10">  </TreeNode><TreeNode  SID="BDABAAAAAJDIGLBC" Caption="Work Boots Children&apos;s" OrderNo="11">  </TreeNode> </TreeNode> </TreeNode><TreeNode  SID="CIACAAAADHONGIBC" Caption="Western Apparel &amp; Headwear" OrderNo="1"> <TreeNode  SID="CCADAAAAEFONGIBC" Caption="Apparel Casual " OrderNo="0"> <TreeNode  SID="JBADAAAAGIONGIBC" Caption="Children&apos;s Shirts" OrderNo="0">  </TreeNode><TreeNode  SID="COAAAAAAIDDKGLBC" Caption="Children&apos;s Jackets" OrderNo="1">  </TreeNode><TreeNode  SID="OLABAAAAINDKGLBC" Caption="Children&apos;s Pants" OrderNo="2">  </TreeNode><TreeNode  SID="CJAAAAAAKJDKGLBC" Caption="Children&apos;s Footwear" OrderNo="3">  </TreeNode><TreeNode  SID="MKACAAAAJNDKGLBC" Caption="Children&apos;s Accessories" OrderNo="4">  </TreeNode><TreeNode  SID="JMADAAAALMONGIBC" Caption="Women&apos;s  Shirts" OrderNo="5">  </TreeNode><TreeNode  SID="HJABAAAANHDKGLBC" Caption="Women&apos;s Jackets" OrderNo="6">  </TreeNode><TreeNode  SID="KHACAAAANPDKGLBC" Caption="Women&apos;s Pants" OrderNo="7">  </TreeNode><TreeNode  SID="PFABAAAAPFDKGLBC" Caption="Women&apos;s Footwear" OrderNo="8">  </TreeNode><TreeNode  SID="JAAAAAAAOKDKGLBC" Caption="Women&apos;s Accessories" OrderNo="9">  </TreeNode><TreeNode  SID="JGAAAAAABLJMGJBC" Caption="Men&apos;s Shirts" OrderNo="10">  </TreeNode><TreeNode  SID="LAADAAAABEDMGLBC" Caption="Men&apos;s Jackets" OrderNo="11">  </TreeNode><TreeNode  SID="MHADAAAABNDMGLBC" Caption="Men&apos;s Pants" OrderNo="12">  </TreeNode><TreeNode  SID="NOABAAAADDDMGLBC" Caption="Men&apos;s Footwear" OrderNo="13">  </TreeNode><TreeNode  SID="IHABAAAACHDMGLBC" Caption="Men&apos;s Accessories" OrderNo="14">  </TreeNode> </TreeNode><TreeNode  SID="KLAAAAAAGPJMGJBC" Caption="Riding &amp; Show  Apparel" OrderNo="1"> <TreeNode  SID="KDADAAAAJBJMGJBC" Caption="Children&apos;s Shirts &amp; Slinkies" OrderNo="0">  </TreeNode><TreeNode  SID="ANABAAAALBDMGLBC" Caption="Children&apos;s Chaps" OrderNo="1">  </TreeNode><TreeNode  SID="FNADAAAAMADMGLBC" Caption="Children&apos;s Jackets &amp; Vests" OrderNo="2"> <Style  SID="PAAAIACAJNHHEDAP" OrderNo="0" /> </TreeNode><TreeNode  SID="CEACAAAANDDMGLBC" Caption="Children&apos;s Pants" OrderNo="3">  </TreeNode><TreeNode  SID="MDAAAAAAPLDMGLBC" Caption="Children&apos;s Footwear" OrderNo="4">  </TreeNode><TreeNode  SID="FPABAAAAANDNGLBC" Caption="Children&apos;s Protective Vests" OrderNo="5">  </TreeNode><TreeNode  SID="AKABAAAAOODMGLBC" Caption="Children&apos;s Accessories" OrderNo="6">  </TreeNode><TreeNode  SID="NIAAAAAAOCJMGJBC" Caption="Women&apos;s Shirts &amp; Slinkies" OrderNo="7"> <Style  SID="PAAAAALBBKHJMJAI" OrderNo="0" /><Style  SID="PAAAAAHLHMOEOEAK" OrderNo="1" /><Style  SID="PAAAAAAOBBPPDIAP" OrderNo="2" /><Style  SID="PAAAAANPBEPAJOBE" OrderNo="3" /> </TreeNode><TreeNode  SID="FFABAAAABFDOGLBC" Caption="Women&apos;s Chaps" OrderNo="8"> <Style  SID="PAAAAACPHEINICBA" OrderNo="0" /><Style  SID="PAAAIAEEFOHJICBA" OrderNo="1" /><Style  SID="PAAAIAEEFHIHICBA" OrderNo="2" /> </TreeNode><TreeNode  SID="JFABAAAACGDOGLBC" Caption="Women&apos;s Jackets &amp; Vests" OrderNo="9"> <Style  SID="PAAAAAEIPHAEIKBN" OrderNo="0" /><Style  SID="PAAAIADBOKOIJOBE" OrderNo="1" /> </TreeNode><TreeNode  SID="DGABAAAADADOGLBC" Caption="Women&apos;s Pants" OrderNo="10"> <Style  SID="PAAAAAOHDDNIPKAN" OrderNo="0" /><Style  SID="PAAAAABMHMJFHDAJ" OrderNo="1" /><Style  SID="PAAAIAOMLLPKMHBJ" OrderNo="2" /> </TreeNode><TreeNode  SID="CMACAAAAEJDOGLBC" Caption="Women&apos;s Footear" OrderNo="11">  </TreeNode><TreeNode  SID="JKACAAAAFHDOGLBC" Caption="Women&apos;s Protective Vests" OrderNo="12">  </TreeNode><TreeNode  SID="GBABAAAAEADOGLBC" Caption="Women&apos;s Accessories" OrderNo="13"> <Style  SID="PAAAIAKLOPILNDAI" OrderNo="0" /><Style  SID="PAAAAAGDFOHLIFAP" OrderNo="1" /><Style  SID="PAAAIAIPJGEBCPBK" OrderNo="2" /> </TreeNode><TreeNode  SID="LHABAAAADOJNGJBC" Caption="Men&apos;s Shirts &amp; Slinkies" OrderNo="14">  </TreeNode><TreeNode  SID="EOADAAAALIDOGLBC" Caption="Men&apos;s Chaps" OrderNo="15"> <Style  SID="PAAAAACPHEINICBA" OrderNo="0" /><Style  SID="PAAAIAEEFOHJICBA" OrderNo="1" /><Style  SID="PAAAIAEEFHIHICBA" OrderNo="2" /> </TreeNode><TreeNode  SID="PPACAAAAMHDOGLBC" Caption="Men&apos;s Jackets &amp; Vests" OrderNo="16">  </TreeNode><TreeNode  SID="KDADAAAANHDOGLBC" Caption="Men&apos;s Pants" OrderNo="17">  </TreeNode><TreeNode  SID="HFACAAAAPCDOGLBC" Caption="Men&apos;s Footwear" OrderNo="18">  </TreeNode><TreeNode  SID="MOACAAAAAGDPGLBC" Caption="Men&apos;s Protective Vests" OrderNo="19">  </TreeNode><TreeNode  SID="GBADAAAAOBDOGLBC" Caption="Men&apos;s Accessories" OrderNo="20">  </TreeNode> </TreeNode><TreeNode  SID="APADAAAAKJJNGJBC" Caption="Helmets, Hats &amp; Accessories" OrderNo="2"> <TreeNode  SID="PCACAAAALHJNGJBC" Caption="Protective Helmets" OrderNo="0"> <Style  SID="PAAAAACEHMIAHMBN" OrderNo="0" /><Style  SID="PAAAIALNPKECHNBN" OrderNo="1" /><Style  SID="PAAAAAPIDHIGNJAM" OrderNo="2" /> </TreeNode><TreeNode  SID="CJADAAAAMCJNGJBC" Caption="Straw Hats " OrderNo="1">  </TreeNode><TreeNode  SID="FAACAAAAMLJNGJBC" Caption="Felt Hats" OrderNo="2">  </TreeNode><TreeNode  SID="NMAAAAAANPJNGJBC" Caption="Covers" OrderNo="3">  </TreeNode><TreeNode  SID="DBADAAAANFJNGJBC" Caption="Other" OrderNo="4">  </TreeNode> </TreeNode><TreeNode  SID="CPACAAAAOMJNGJBC" Caption="Riding Luggage and Equipment Bags" OrderNo="3">  </TreeNode><TreeNode  SID="HHAAAAAAPKJNGJBC" Caption="Show Accessories" OrderNo="4">  </TreeNode><TreeNode  SID="NHABAAAAAJJOGJBC" Caption="Footwear " OrderNo="5"> <TreeNode  SID="LEADAAAAAIJPGJBC" Caption="Children&apos;s Casual" OrderNo="0">  </TreeNode><TreeNode  SID="PIABAAAAAMEAGLBC" Caption="Children&apos;s Riding" OrderNo="1">  </TreeNode><TreeNode  SID="EAAAAAAABEJPGJBC" Caption="Women&apos;s Riding" OrderNo="2">  </TreeNode><TreeNode  SID="LHAAAAAAGGEAGLBC" Caption="Women&apos;s Casual" OrderNo="3">  </TreeNode><TreeNode  SID="NDADAAAAHAEAGLBC" Caption="Women&apos;s Work" OrderNo="4">  </TreeNode><TreeNode  SID="OPACAAAABPJPGJBC" Caption="Men&apos;s Casual" OrderNo="5">  </TreeNode><TreeNode  SID="FJABAAAAJIEAGLBC" Caption="Men&apos;s iding" OrderNo="6">  </TreeNode><TreeNode  SID="NGAAAAAAKFEAGLBC" Caption="Men&apos;s Work" OrderNo="7">  </TreeNode> </TreeNode> </TreeNode><TreeNode  SID="HKACAAAACPOLGIBC" Caption="English Saddles &amp; Tack " OrderNo="2"> <TreeNode  SID="GEACAAAAECOLGIBC" Caption="Saddles " OrderNo="0"> <TreeNode  SID="BGABAAAAFMOLGIBC" Caption="Jumping " OrderNo="0"> <Style  SID="PAAAIAJIIOIONABA" OrderNo="0" /><Style  SID="PAAAIACHCOFMDKBD" OrderNo="1" /> </TreeNode><TreeNode  SID="LMABAAAAGHOLGIBC" Caption="Close Contact " OrderNo="1"> <Style  SID="PAAAIAHPKJFMGOAK" OrderNo="0" /><Style  SID="PAAAAAPCJLCAEGAI" OrderNo="1" /><Style  SID="PAAAIADODGLLIBAJ" OrderNo="2" /><Style  SID="PAAAAAGGGFIEMHAP" OrderNo="3" /><Style  SID="PAAAIAEEBDBENGAI" OrderNo="4" /><Style  SID="PAAAIAOMKJBFILBN" OrderNo="5" /> </TreeNode><TreeNode  SID="IAAAAAAAHBOLGIBC" Caption="All Purpose" OrderNo="2"> <Style  SID="PAAAIAGODNHKGLAP" OrderNo="0" /><Style  SID="PAAAAAHKDFMJBNAI" OrderNo="1" /><Style  SID="PAAAIAOELHJHCPAJ" OrderNo="2" /><Style  SID="PAAAAAPDMFBMEEAI" OrderNo="3" /><Style  SID="PAAAAAKLLJAEILBN" OrderNo="4" /> </TreeNode><TreeNode  SID="BHAAAAAAHLOLGIBC" Caption="Dressage" OrderNo="3"> <Style  SID="PAAAIAHNMEGEKEAM" OrderNo="0" /><Style  SID="PAAAAABOAHKGNABA" OrderNo="1" /><Style  SID="PAAAAANBNDGIKEAM" OrderNo="2" /><Style  SID="PAAAAAFDEKMAIBAJ" OrderNo="3" /><Style  SID="PAAAAAPNEFAPNGAI" OrderNo="4" /><Style  SID="PAAAIAMOCCODKFBF" OrderNo="5" /><Style  SID="PAAAIANKFAPNGMBN" OrderNo="6" /><Style  SID="PAAAIALDKKBKGJAL" OrderNo="7" /> </TreeNode><TreeNode  SID="HFAAAAAAIFOLGIBC" Caption="Eventing " OrderNo="4"> <Style  SID="PAAAAAAGPKOGNFAI" OrderNo="0" /><Style  SID="PAAAAAOJOJMPEEAI" OrderNo="1" /><Style  SID="PAAAIAIGILABODAK" OrderNo="2" /><Style  SID="PAAAAALFGPMHEEAK" OrderNo="3" /> </TreeNode><TreeNode  SID="LOAAAAAAIOOLGIBC" Caption="Endurance" OrderNo="5"> <Style  SID="PAAAAAFDPICAIBAJ" OrderNo="0" /><Style  SID="PAAAIAICFGNHEGBB" OrderNo="1" /> </TreeNode><TreeNode  SID="LKAAAAAAJJOLGIBC" Caption="Trail Riding" OrderNo="6"> <Style  SID="PAAAAAFDPICAIBAJ" OrderNo="0" /><Style  SID="PAAAIAICFGNHEGBB" OrderNo="1" /> </TreeNode><TreeNode  SID="HLADAAAAKDOLGIBC" Caption="Saddleseat" OrderNo="7">  </TreeNode><TreeNode  SID="OIABAAAAKPOLGIBC" Caption="Children&apos;s &amp; Youth" OrderNo="8"> <Style  SID="PAAAAABAGDMACPAJ" OrderNo="0" /><Style  SID="PAAAAADFBIEAIGAJ" OrderNo="1" /><Style  SID="PAAAIACKELPPIKBN" OrderNo="2" /><Style  SID="PAAAIACLNAFKGABJ" OrderNo="3" /><Style  SID="PAAAAAOIEFPJIKBN" OrderNo="4" /><Style  SID="PAAAAAHCKLPJIKBN" OrderNo="5" /> </TreeNode><TreeNode  SID="BHACAAAALLOLGIBC" Caption="Other " OrderNo="9">  </TreeNode> </TreeNode><TreeNode  SID="CNABAAAANEOLGIBC" Caption="Tack " OrderNo="1"> <TreeNode  SID="GJACAAAANPOLGIBC" Caption="Breastplates" OrderNo="0">  </TreeNode><TreeNode  SID="LAADAAAAOKOLGIBC" Caption="Girths" OrderNo="1">  </TreeNode><TreeNode  SID="NLADAAAAPDOLGIBC" Caption="Pads" OrderNo="2">  </TreeNode><TreeNode  SID="BJABAAAAPOOLGIBC" Caption="Leathers\Irons " OrderNo="3">  </TreeNode><TreeNode  SID="IPACAAAABMOMGIBC" Caption="Lunge Equipment" OrderNo="4">  </TreeNode><TreeNode  SID="EGADAAAACFOMGIBC" Caption="Bridles" OrderNo="5">  </TreeNode><TreeNode  SID="CDACAAAADJOMGIBC" Caption="Snaffle Bit" OrderNo="6">  </TreeNode><TreeNode  SID="MKADAAAADADJGLBC" Caption="Kimberwick Bit" OrderNo="7">  </TreeNode><TreeNode  SID="HFAAAAAAEEDJGLBC" Caption="Pelham Bit" OrderNo="8">  </TreeNode><TreeNode  SID="FDAAAAAAFGDJGLBC" Caption="Hackamore" OrderNo="9">  </TreeNode><TreeNode  SID="HKADAAAAEMDJGLBC" Caption="Shank Bit" OrderNo="10">  </TreeNode><TreeNode  SID="NCACAAAAICOMGIBC" Caption="Spurs and Acc." OrderNo="11">  </TreeNode><TreeNode  SID="FJADAAAAJKOMGIBC" Caption="Martingales" OrderNo="12">  </TreeNode><TreeNode  SID="PFACAAAAKIOMGIBC" Caption="Halters and Leads" OrderNo="13">  </TreeNode><TreeNode  SID="NLACAAAALCOMGIBC" Caption="Cavesons " OrderNo="14">  </TreeNode><TreeNode  SID="JIACAAAALLOMGIBC" Caption="Reins" OrderNo="15">  </TreeNode><TreeNode  SID="AGACAAAANDOMGIBC" Caption="Trail Accessories " OrderNo="16">  </TreeNode><TreeNode  SID="NFACAAAAAHOMGIBC" Caption="Accessories " OrderNo="17">  </TreeNode><TreeNode  SID="MKACAAAAFNDJGLBC" Caption="Other Bits" OrderNo="18">  </TreeNode><TreeNode  SID="KBAAAAAABDOMGIBC" Caption="Other " OrderNo="20">  </TreeNode> </TreeNode> </TreeNode><TreeNode  SID="EIABAAAAMEJPGJBC" Caption="Western Saddles &amp; Tack " OrderNo="3"> <TreeNode  SID="AMAAAAAANMJPGJBC" Caption="Saddles " OrderNo="0"> <TreeNode  SID="GHABAAAANFECGLBC" Caption="Arabian" OrderNo="0">  </TreeNode><TreeNode  SID="EHADAAAANLECGLBC" Caption="Barrel" OrderNo="1"> <Style  SID="PAAAIAOCOPPFPNAP" OrderNo="0" /><Style  SID="PAAAAAPGPDFALIAJ" OrderNo="1" /> </TreeNode><TreeNode  SID="BNADAAAAOPECGLBC" Caption="Endurance" OrderNo="2"> <Style  SID="PAAAIADIAONCAHAI" OrderNo="0" /><Style  SID="PAAAIAOPFEGFLJBC" OrderNo="1" /> </TreeNode><TreeNode  SID="FEACAAAAPFECGLBC" Caption="Pleasure" OrderNo="3"> <Style  SID="PAAAAANDKAPJAPAK" OrderNo="0" /><Style  SID="PAAAIACPCHMDPHAL" OrderNo="1" /> </TreeNode><TreeNode  SID="EOABAAAAPLECGLBC" Caption="Reining" OrderNo="4"> <Style  SID="PAAAAACHBJBONBAJ" OrderNo="0" /><Style  SID="PAAAAACFGIAGFBAI" OrderNo="1" /> </TreeNode><TreeNode  SID="BCACAAAAAGEDGLBC" Caption="Cutting" OrderNo="5"> <Style  SID="PAAAAABGLFOPJFAK" OrderNo="0" /><Style  SID="PAAAAAFDIDCCNAAJ" OrderNo="1" /> </TreeNode><TreeNode  SID="BEACAAAAAOEDGLBC" Caption="Trail Riding" OrderNo="6"> <Style  SID="PAAAIADIAONCAHAI" OrderNo="0" /><Style  SID="PAAAIAOPFEGFLJBC" OrderNo="1" /> </TreeNode><TreeNode  SID="KAAAAAAABEEDGLBC" Caption="Show" OrderNo="7"> <Style  SID="PAAAIAFEFEOFMAAJ" OrderNo="0" /><Style  SID="PAAAAAAIPEIGPNBL" OrderNo="1" /><Style  SID="PAAAAANCLPOANABM" OrderNo="2" /> </TreeNode><TreeNode  SID="FKACAAAACDEDGLBC" Caption="Roping" OrderNo="8">  </TreeNode><TreeNode  SID="LLACAAAACPEDGLBC" Caption="Children&apos;s &amp; Youth" OrderNo="9">  </TreeNode><TreeNode  SID="NIADAAAADJEDGLBC" Caption="Other" OrderNo="10">  </TreeNode> </TreeNode><TreeNode  SID="IKAAAAAAGEKAGJBC" Caption="Saddle Accessories " OrderNo="11"> <TreeNode  SID="GAAAAAAAHBKAGJBC" Caption="Girths &amp; Cinches" OrderNo="0"> <Style  SID="PAAAIACCBOJLACAN" OrderNo="0" /><Style  SID="PAAAIACFBMOOOJBK" OrderNo="1" /> </TreeNode><TreeNode  SID="JFAAAAAAHKKAGJBC" Caption="Blankets &amp; Pads" OrderNo="1"> <Style  SID="PAAAIAPPIGLIMHAJ" OrderNo="0" /><Style  SID="PAAAIALGDJCPPEBI" OrderNo="1" /><Style  SID="PAAAAAJNFNHBBCBI" OrderNo="2" /><Style  SID="PAAAIAHCHONJFNBC" OrderNo="3" /> </TreeNode><TreeNode  SID="EBABAAAAICKAGJBC" Caption="Stirrups" OrderNo="2"> <Style  SID="PAAAAAGKMIJDJHBG" OrderNo="0" /><Style  SID="PAAAAANCGFCNBJBH" OrderNo="1" /><Style  SID="PAAAAAPBHPFHLFAM" OrderNo="2" /><Style  SID="PAAAAANMIGFPDLAN" OrderNo="3" /> </TreeNode><TreeNode  SID="MJACAAAAIKKAGJBC" Caption="Accessories " OrderNo="3"> <Style  SID="PAAAIAPEDNKLLLAN" OrderNo="0" /> </TreeNode><TreeNode  SID="DAABAAAAKAKAGJBC" Caption="Other" OrderNo="4">  </TreeNode> </TreeNode><TreeNode  SID="BEABAAAALGKAGJBC" Caption="Tack " OrderNo="12"> <TreeNode  SID="MNADAAAAMIKAGJBC" Caption="Bridles" OrderNo="0"> <Style  SID="PAAAIABKMDEJBGAJ" OrderNo="0" /><Style  SID="PAAAAADOHJMANLAJ" OrderNo="1" /><Style  SID="PAAAIAJCDPPJKPAP" OrderNo="2" /><Style  SID="PAAAAAKEPIAILAAP" OrderNo="3" /><Style  SID="PAAAIABNBHOHGGBK" OrderNo="4" /><Style  SID="PAAAAAIFNNOEPIBM" OrderNo="5" /><Style  SID="PAAAIAIILGPGIJBN" OrderNo="6" /> </TreeNode><TreeNode  SID="PKABAAAANCKAGJBC" Caption="Bits" OrderNo="1">  </TreeNode><TreeNode  SID="OBACAAAAJMKBGJBC" Caption="Halters &amp; Leads  " OrderNo="3"> <Style  SID="PAAAIANAMIPCIJBN" OrderNo="0" /><Style  SID="PAAAIANJAMOHFKBM" OrderNo="1" /> </TreeNode><TreeNode  SID="JPADAAAAAPEBGLBC" Caption="Other Bits" OrderNo="7">  </TreeNode><TreeNode  SID="BAACAAAABHEBGLBC" Caption="Bosals" OrderNo="8"> <Style  SID="PAAAIAHBOEFHIHBN" OrderNo="0" /> </TreeNode><TreeNode  SID="GIADAAAALEKBGJBC" Caption="Reins" OrderNo="9"> <Style  SID="PAAAAAKILIEEBGAJ" OrderNo="0" /><Style  SID="PAAAIAKONEIJMMBN" OrderNo="1" /><Style  SID="PAAAIACJCDEEKBAI" OrderNo="2" /><Style  SID="PAAAIADPGNPCGGBK" OrderNo="3" /> </TreeNode><TreeNode  SID="MCAAAAAANCKBGJBC" Caption="Trail Accessories " OrderNo="10">  </TreeNode><TreeNode  SID="MMADAAAAKGKBGJBC" Caption="Spurs &amp; Accessories" OrderNo="11">  </TreeNode> </TreeNode> </TreeNode><TreeNode  SID="NKACAAAAGIKCGJBC" Caption="Casual Apparel" OrderNo="4"> <TreeNode  SID="PNABAAAAHFKCGJBC" Caption="Children&apos;s" OrderNo="0"> <TreeNode  SID="GDACAAAAILKCGJBC" Caption="Shirts" OrderNo="0">  </TreeNode><TreeNode  SID="BDABAAAAJFKCGJBC" Caption="Chaps " OrderNo="1">  </TreeNode><TreeNode  SID="FCABAAAAJOKCGJBC" Caption="Jackets" OrderNo="2">  </TreeNode><TreeNode  SID="HIAAAAAAKHKCGJBC" Caption="Pants" OrderNo="3">  </TreeNode><TreeNode  SID="BOABAAAALJKCGJBC" Caption="Footwear" OrderNo="4">  </TreeNode><TreeNode  SID="HFABAAAALAKCGJBC" Caption="Accessories" OrderNo="5">  </TreeNode> </TreeNode><TreeNode  SID="NOADAAAAMCKCGJBC" Caption="Women&apos;s " OrderNo="1"> <TreeNode  SID="MBAAAAAAMMKCGJBC" Caption="Shirts" OrderNo="0">  </TreeNode><TreeNode  SID="MNABAAAANIKCGJBC" Caption="Chaps " OrderNo="1">  </TreeNode><TreeNode  SID="KPAAAAAAOCKCGJBC" Caption="Jackets" OrderNo="2">  </TreeNode><TreeNode  SID="AOAAAAAAOPKCGJBC" Caption="Pants" OrderNo="3">  </TreeNode><TreeNode  SID="DCADAAAAPPKCGJBC" Caption="Footwear" OrderNo="4">  </TreeNode><TreeNode  SID="LOABAAAAPHKCGJBC" Caption="Accessories" OrderNo="5">  </TreeNode> </TreeNode><TreeNode  SID="JCADAAAAAKKDGJBC" Caption="Men&apos;s " OrderNo="2"> <TreeNode  SID="LOADAAAABEKDGJBC" Caption="Shirts" OrderNo="0">  </TreeNode><TreeNode  SID="PJACAAAABNKDGJBC" Caption="Chaps " OrderNo="1">  </TreeNode><TreeNode  SID="OJAAAAAACGKDGJBC" Caption="Jackets" OrderNo="2">  </TreeNode><TreeNode  SID="KAADAAAADAKDGJBC" Caption="Pants" OrderNo="3">  </TreeNode><TreeNode  SID="CIAAAAAAFFKDGJBC" Caption="Footwear" OrderNo="4">  </TreeNode><TreeNode  SID="FAACAAAADKKDGJBC" Caption="Accessories" OrderNo="5">  </TreeNode> </TreeNode> </TreeNode><TreeNode  SID="EJABAAAAHAKDGJBC" Caption="Footwear " OrderNo="5"> <TreeNode  SID="JCABAAAAIIKEGJBC" Caption="Women&apos;s" OrderNo="0"> <TreeNode  SID="JNADAAAALDKEGJBC" Caption="Western " OrderNo="0"> <Style  SID="PAAAIAOKJOLAOMAH" OrderNo="0" /><Style  SID="PAAAIAMBOGHOOMAH" OrderNo="1" /><Style  SID="PAAAAAMCFFGBKEAK" OrderNo="2" /><Style  SID="PAAAIANGCGMHOMAN" OrderNo="3" /><Style  SID="PAAAAAKMGBMCEFAP" OrderNo="4" /><Style  SID="PAAAIAOFLAJFJEAP" OrderNo="5" /><Style  SID="PAAAAANJOLIIEFAP" OrderNo="6" /><Style  SID="PAAAAABDHNPOKPAM" OrderNo="7" /><Style  SID="PAAAIAAGPAPCKPAM" OrderNo="8" /><Style  SID="PAAAAAJFBLAKLAAM" OrderNo="9" /><Style  SID="PAAAIAGCHJMGJNBA" OrderNo="10" /><Style  SID="PAAAAAFECKGIADAI" OrderNo="11" /><Style  SID="PAAAAAHHMBBHAAAI" OrderNo="12" /><Style  SID="PAAAIANOEBOMAAAI" OrderNo="13" /><Style  SID="PAAAIAEBFAMGLCAM" OrderNo="14" /><Style  SID="PAAAAABJAHMDLCAM" OrderNo="15" /><Style  SID="PAAAIABIBAGJPIBF" OrderNo="16" /><Style  SID="PAAAIAEPBDHMGBAP" OrderNo="17" /><Style  SID="PAAAIADGLODPIHAP" OrderNo="18" /> </TreeNode><TreeNode  SID="EAADAAAAMNKEGJBC" Caption="English Tall Boots " OrderNo="1"> <Style  SID="PAAAIAAACDAPDOBD" OrderNo="0" /><Style  SID="PAAAAACGGKOPLGBM" OrderNo="1" /><Style  SID="PAAAAALJLBDGLOBN" OrderNo="2" /><Style  SID="PAAAAAFAFMMLPPAH" OrderNo="3" /><Style  SID="PAAAAAEPEBEPFDBL" OrderNo="4" /> </TreeNode><TreeNode  SID="BCABAAAAPCKEGJBC" Caption="English riding and paddock" OrderNo="2"> <Style  SID="PAAAAAAPAJJGFOAK" OrderNo="0" /> </TreeNode><TreeNode  SID="KDACAAAABMKFGJBC" Caption="Casual" OrderNo="3"> <Style  SID="PAAAIAGDEJJPNFAN" OrderNo="0" /><Style  SID="PAAAIAJJNMMIOMAH" OrderNo="1" /><Style  SID="PAAAIAFDLJJLKEAK" OrderNo="2" /> </TreeNode><TreeNode  SID="PBAAAAAADFKFGJBC" Caption="Muck " OrderNo="4">  </TreeNode><TreeNode  SID="NCACAAAANJEEGLBC" Caption="Work" OrderNo="5">  </TreeNode> </TreeNode><TreeNode  SID="PGAAAAAAJCKEGJBC" Caption="Men&apos;s" OrderNo="1"> <TreeNode  SID="MCADAAAALIKEGJBC" Caption="Western " OrderNo="0"> <Style  SID="PAAAIABCLOLBOMAN" OrderNo="0" /><Style  SID="PAAAAAOCPCKKOOAH" OrderNo="1" /> </TreeNode><TreeNode  SID="OEABAAAANGKEGJBC" Caption="English Tall Boots " OrderNo="1">  </TreeNode><TreeNode  SID="JDABAAAAPIKEGJBC" Caption="English riding and paddock" OrderNo="2"> <Style  SID="PAAAIAEMEMMKGDAM" OrderNo="0" /><Style  SID="PAAAAAMGLINJIEBC" OrderNo="1" /><Style  SID="PAAAAAFDACOCIEBC" OrderNo="2" /><Style  SID="PAAAIAAGKEEKLKAN" OrderNo="3" /><Style  SID="PAAAAAFDOILPGDAM" OrderNo="4" /><Style  SID="PAAAAAKLPJOHGDAM" OrderNo="5" /> </TreeNode><TreeNode  SID="DMACAAAACBKFGJBC" Caption="Casual" OrderNo="3"> <Style  SID="PAAAIAOIKCPLIEBC" OrderNo="0" /> </TreeNode><TreeNode  SID="NCADAAAADJKFGJBC" Caption="Muck " OrderNo="4">  </TreeNode><TreeNode  SID="DKADAAAAPBEEGLBC" Caption="Work" OrderNo="5">  </TreeNode> </TreeNode><TreeNode  SID="FFABAAAAJMKEGJBC" Caption="Children&apos;s" OrderNo="2"> <TreeNode  SID="OAABAAAALOKEGJBC" Caption="Western " OrderNo="0">  </TreeNode><TreeNode  SID="OKAAAAAANNKEGJBC" Caption="English Tall Boots " OrderNo="1">  </TreeNode><TreeNode  SID="GBACAAAAAKKFGJBC" Caption="English Riding &amp; Paddock" OrderNo="2">  </TreeNode><TreeNode  SID="IFABAAAACGKFGJBC" Caption="Casual" OrderNo="3">  </TreeNode><TreeNode  SID="HFACAAAAAPEFGLBC" Caption="Work" OrderNo="4">  </TreeNode><TreeNode  SID="BOACAAAACGEFGLBC" Caption="Muck" OrderNo="5">  </TreeNode> </TreeNode> </TreeNode><TreeNode  SID="CAACAAAAFDKFGJBC" Caption="Books &amp; Video" OrderNo="6"> <TreeNode  SID="NLACAAAAJLMDGJBC" Caption="Books " OrderNo="0"> <TreeNode  SID="HJAAAAAAKDEFGLBC" Caption="Western" OrderNo="0"> <Style  SID="PAAAIAFOJMJHLLAI" OrderNo="0" /><Style  SID="PAAAIAIDEFCOLMAI" OrderNo="1" /><Style  SID="PAAAAACCJHKFHMAM" OrderNo="2" /> </TreeNode><TreeNode  SID="FJABAAAALDEFGLBC" Caption="English" OrderNo="1"> <Style  SID="PAAAIAMCJMLHOMAL" OrderNo="0" /><Style  SID="PAAAIAFJIADMONAL" OrderNo="1" /><Style  SID="PAAAAAACDDMCHMAM" OrderNo="2" /><Style  SID="PAAAAAILKKMKHNAM" OrderNo="3" /> </TreeNode><TreeNode  SID="NHADAAAALPEFGLBC" Caption="Children&apos;s" OrderNo="2"> <Style  SID="PAAAAAMDHENDLLAI" OrderNo="0" /><Style  SID="PAAAAAOGGCFLCEAO" OrderNo="1" /> </TreeNode><TreeNode  SID="ADABAAAANCEFGLBC" Caption="General " OrderNo="3"> <Style  SID="PAAAAAJKPFFJIJAK" OrderNo="0" /><Style  SID="PAAAIAIGDLLBLLAI" OrderNo="1" /><Style  SID="PAAAIACFDKPHBOAK" OrderNo="2" /><Style  SID="PAAAIAHLAPCDLMAI" OrderNo="3" /> </TreeNode> </TreeNode><TreeNode  SID="KCADAAAAKIMDGJBC" Caption="VHS" OrderNo="1"> <TreeNode  SID="APADAAAAOCEFGLBC" Caption="Western" OrderNo="0"> <Style  SID="PAAAIANGPCFFOPAL" OrderNo="0" /><Style  SID="PAAAIAIHCFHPOPAL" OrderNo="1" /><Style  SID="PAAAAAFEPBHGOPAL" OrderNo="2" /> </TreeNode><TreeNode  SID="IMACAAAAAEEGGLBC" Caption="English" OrderNo="1"> <Style  SID="PAAAIAHBLGDDCOAO" OrderNo="0" /><Style  SID="PAAAAACJJJDIBPAK" OrderNo="1" /><Style  SID="PAAAAACNOKGLOPAL" OrderNo="2" /><Style  SID="PAAAAAIPDMKPLLAI" OrderNo="3" /><Style  SID="PAAAIAPECLDNCOAO" OrderNo="4" /> </TreeNode><TreeNode  SID="DLACAAAAEJEGGLBC" Caption="Children&apos;s" OrderNo="2">  </TreeNode><TreeNode  SID="GOAAAAAAFAEGGLBC" Caption="General" OrderNo="3"> <Style  SID="PAAAIACMLNLGDMBB" OrderNo="0" /><Style  SID="PAAAAANENBCGDHBL" OrderNo="1" /><Style  SID="PAAAAAKLJEGGOPAL" OrderNo="2" /> </TreeNode> </TreeNode><TreeNode  SID="NNADAAAALFMDGJBC" Caption="DVD" OrderNo="2"> <TreeNode  SID="EFAAAAAAFNEGGLBC" Caption="Western" OrderNo="0">  </TreeNode><TreeNode  SID="HJACAAAAGGEGGLBC" Caption="English " OrderNo="1"> <Style  SID="PAAAIAHBLGDDCOAO" OrderNo="0" /><Style  SID="PAAAAACJJJDIBPAK" OrderNo="1" /> </TreeNode><TreeNode  SID="PHACAAAAHBEGGLBC" Caption="Children&apos;s" OrderNo="2">  </TreeNode><TreeNode  SID="FPAAAAAAHNEGGLBC" Caption="General" OrderNo="3">  </TreeNode> </TreeNode><TreeNode  SID="OHAAAAAAMFMDGJBC" Caption="Magazines" OrderNo="3">  </TreeNode> </TreeNode><TreeNode  SID="GMACAAAAFOKFGJBC" Caption="Jewelry &amp; Gifts " OrderNo="7"> <TreeNode  SID="HFABAAAAGMMDGJBC" Caption="Gifts " OrderNo="0"> <TreeNode  SID="GKACAAAANMEIGLBC" Caption="Candles" OrderNo="0">  </TreeNode><TreeNode  SID="EPABAAAAOIEIGLBC" Caption="Cards" OrderNo="1">  </TreeNode><TreeNode  SID="GNAAAAAAPCEIGLBC" Caption="Ornaments" OrderNo="2">  </TreeNode><TreeNode  SID="AOACAAAAALEJGLBC" Caption="Purses" OrderNo="3">  </TreeNode><TreeNode  SID="IPADAAAABFEJGLBC" Caption="Pillows and Blankets" OrderNo="4">  </TreeNode><TreeNode  SID="JAACAAAACAEJGLBC" Caption="Towels" OrderNo="5">  </TreeNode><TreeNode  SID="FOABAAAACKEJGLBC" Caption="Cups " OrderNo="6">  </TreeNode><TreeNode  SID="KEAAAAAADEEJGLBC" Caption="Novelty" OrderNo="7">  </TreeNode><TreeNode  SID="MMADAAAAABEJGLBC" Caption="Other " OrderNo="8">  </TreeNode> </TreeNode><TreeNode  SID="IFABAAAAHHMDGJBC" Caption="Jewelry" OrderNo="1"> <TreeNode  SID="CHACAAAAEGEJGLBC" Caption="Earrings " OrderNo="0">  </TreeNode><TreeNode  SID="KMABAAAAFCEJGLBC" Caption="Hair Clips" OrderNo="1">  </TreeNode><TreeNode  SID="HNABAAAAFLEJGLBC" Caption="Hair Nets" OrderNo="2">  </TreeNode><TreeNode  SID="LGACAAAAGEEJGLBC" Caption="Necklaces " OrderNo="3">  </TreeNode><TreeNode  SID="KIACAAAAGPEJGLBC" Caption="Rings" OrderNo="4">  </TreeNode><TreeNode  SID="KFADAAAAHIEJGLBC" Caption="Show Accessories" OrderNo="5">  </TreeNode><TreeNode  SID="GFADAAAAIDEJGLBC" Caption="Watches" OrderNo="6">  </TreeNode><TreeNode  SID="IOAAAAAAINEJGLBC" Caption="Belt Buckles" OrderNo="7">  </TreeNode><TreeNode  SID="CPABAAAAJLEJGLBC" Caption="Bracelets" OrderNo="8">  </TreeNode> </TreeNode><TreeNode  SID="BHADAAAAIGMDGJBC" Caption="Toys " OrderNo="2"> <TreeNode  SID="GEACAAAALGEJGLBC" Caption="Games" OrderNo="0">  </TreeNode><TreeNode  SID="EJADAAAAMKEJGLBC" Caption="Plushies" OrderNo="1">  </TreeNode><TreeNode  SID="FHAAAAAANGEJGLBC" Caption="Breyer" OrderNo="2">  </TreeNode><TreeNode  SID="GGAAAAAAOAEJGLBC" Caption="Stickers " OrderNo="3">  </TreeNode><TreeNode  SID="HPADAAAALPEJGLBC" Caption="Other " OrderNo="4">  </TreeNode> </TreeNode> </TreeNode><TreeNode  SID="HCACAAAAHAKFGJBC" Caption="Grooming &amp; Bathing" OrderNo="8"> <TreeNode  SID="IJAAAAAAGAKNGJBC" Caption="Shampoo &amp; Accessories" OrderNo="0"> <Style  SID="PAAAIAACBGIANGAI" OrderNo="0" /><Style  SID="PAAAAAENBBHLNGAI" OrderNo="1" /> </TreeNode><TreeNode  SID="PMACAAAAGLKNGJBC" Caption="Fly Control " OrderNo="1">  </TreeNode><TreeNode  SID="OHADAAAAHFKNGJBC" Caption="Hoof Care " OrderNo="2">  </TreeNode><TreeNode  SID="FMACAAAAIAKNGJBC" Caption="Clippers " OrderNo="3">  </TreeNode><TreeNode  SID="EOACAAAAILKNGJBC" Caption="Brushes " OrderNo="4">  </TreeNode><TreeNode  SID="GGACAAAAJFKNGJBC" Caption="Banding &amp; Braiding" OrderNo="5">  </TreeNode><TreeNode  SID="GIACAAAAKLMCGJBC" Caption="Combs, Rakes &amp; Picks" OrderNo="6">  </TreeNode><TreeNode  SID="HBAAAAAALHMCGJBC" Caption="Totes &amp; Carriers" OrderNo="7">  </TreeNode><TreeNode  SID="GDACAAAANBMCGJBC" Caption="Hair &amp; Coat" OrderNo="9">  </TreeNode> </TreeNode><TreeNode  SID="MMAAAAAAJCKFGJBC" Caption="Health &amp; Nutrition" OrderNo="9"> <TreeNode  SID="PGACAAAAEKKMGJBC" Caption="Supplements &amp; Treatments " OrderNo="0"> <TreeNode  SID="NBADAAAAFHKMGJBC" Caption="Coat &amp; Skin" OrderNo="0">  </TreeNode><TreeNode  SID="GJAAAAAAGEKMGJBC" Caption="Hoof &amp; Care" OrderNo="1">  </TreeNode><TreeNode  SID="LJACAAAAGMKMGJBC" Caption="Joint " OrderNo="2">  </TreeNode><TreeNode  SID="BFADAAAAHEKMGJBC" Caption="Performance " OrderNo="3">  </TreeNode><TreeNode  SID="DBABAAAAIAKMGJBC" Caption="Vitamins &amp; Minerals" OrderNo="4">  </TreeNode><TreeNode  SID="LHAAAAAAJDKMGJBC" Caption="Senior " OrderNo="5">  </TreeNode><TreeNode  SID="EOABAAAAJLKMGJBC" Caption="Weight" OrderNo="6">  </TreeNode><TreeNode  SID="LNADAAAAKDKMGJBC" Caption="Electrolytes" OrderNo="7">  </TreeNode><TreeNode  SID="PDAAAAAAKPKMGJBC" Caption="Wound Treatments" OrderNo="8">  </TreeNode><TreeNode  SID="BBADAAAALHKMGJBC" Caption="Wormers " OrderNo="9"> <Style  SID="PAAAIAMGAHIJNDAI" OrderNo="0" /> </TreeNode><TreeNode  SID="HKABAAAAMAKMGJBC" Caption="Liniments" OrderNo="10">  </TreeNode><TreeNode  SID="BNACAAAAMJKMGJBC" Caption="Pain Relief" OrderNo="11">  </TreeNode><TreeNode  SID="LNAAAAAANNKMGJBC" Caption="Poultice, Freezes &amp; Heating" OrderNo="12">  </TreeNode><TreeNode  SID="EJAAAAAAOHKMGJBC" Caption="Vet Wrap &amp; Bandages " OrderNo="14">  </TreeNode><TreeNode  SID="IFADAAAAIKKMGJBC" Caption="Other" OrderNo="15">  </TreeNode> </TreeNode><TreeNode  SID="BMADAAAAOPKMGJBC" Caption="Feed, Treats,  and Accessories" OrderNo="1"> <TreeNode  SID="APABAAAAPKKMGJBC" Caption="Equine Feed " OrderNo="0">  </TreeNode><TreeNode  SID="NAABAAAAADKNGJBC" Caption="Equine Treats" OrderNo="1">  </TreeNode><TreeNode  SID="DDAAAAAACLKNGJBC" Caption="Companion Food &amp; Treat" OrderNo="2">  </TreeNode><TreeNode  SID="PNABAAAADHKNGJBC" Caption="Exotic Feeds" OrderNo="3">  </TreeNode><TreeNode  SID="OKACAAAAEDKNGJBC" Caption="Bird Feed and Feeders" OrderNo="4">  </TreeNode><TreeNode  SID="FOADAAAAEOKNGJBC" Caption="Accessories " OrderNo="5">  </TreeNode> </TreeNode> </TreeNode><TreeNode  SID="HNABAAAAKEKFGJBC" Caption="Equine Apparel " OrderNo="10"> <TreeNode  SID="NFAAAAAAGBKLGJBC" Caption="Sweats " OrderNo="0">  </TreeNode><TreeNode  SID="OFACAAAAGNKLGJBC" Caption="Wraps " OrderNo="1"> <TreeNode  SID="JMADAAAAHGKLGJBC" Caption="Bandages" OrderNo="0">  </TreeNode><TreeNode  SID="CIAAAAAAICKLGJBC" Caption="Leg Wraps" OrderNo="1">  </TreeNode><TreeNode  SID="EIACAAAAILKLGJBC" Caption="Polo Wraps " OrderNo="2">  </TreeNode><TreeNode  SID="JJACAAAAJDKLGJBC" Caption="Standing Wraps " OrderNo="3">  </TreeNode><TreeNode  SID="BGABAAAAJMKLGJBC" Caption="Other " OrderNo="4">  </TreeNode> </TreeNode><TreeNode  SID="CMAAAAAAKIKLGJBC" Caption="Blankets/ Sheets " OrderNo="2"> <TreeNode  SID="IGADAAAALDKLGJBC" Caption="Anti-Sweat " OrderNo="0">  </TreeNode><TreeNode  SID="JEABAAAALMKLGJBC" Caption="Coolers" OrderNo="1">  </TreeNode><TreeNode  SID="GPABAAAAMFKLGJBC" Caption="Fly Sheets " OrderNo="2">  </TreeNode><TreeNode  SID="DJADAAAANBKLGJBC" Caption="Quarter Sheets" OrderNo="3">  </TreeNode><TreeNode  SID="PPACAAAANKKLGJBC" Caption="Turnouts" OrderNo="4">  </TreeNode><TreeNode  SID="DOAAAAAAOFKLGJBC" Caption="Sleazies" OrderNo="5">  </TreeNode><TreeNode  SID="GCABAAAAONKLGJBC" Caption="Stable " OrderNo="6">  </TreeNode><TreeNode  SID="CPAAAAAAPGKLGJBC" Caption="Other " OrderNo="7">  </TreeNode> </TreeNode><TreeNode  SID="FNACAAAAACKMGJBC" Caption="Protective " OrderNo="3"> <TreeNode  SID="LPAAAAAAAOKMGJBC" Caption="Bell Boots " OrderNo="0">  </TreeNode><TreeNode  SID="MLACAAAABOKMGJBC" Caption="Splint Boots" OrderNo="1">  </TreeNode><TreeNode  SID="NFADAAAACJKMGJBC" Caption="Shipping Boots " OrderNo="2">  </TreeNode><TreeNode  SID="JPADAAAADLKMGJBC" Caption="Other " OrderNo="3">  </TreeNode> </TreeNode> </TreeNode><TreeNode  SID="EPADAAAAKPKFGJBC" Caption="Barn &amp; Stable " OrderNo="11"> <TreeNode  SID="EEACAAAAJMKKGJBC" Caption="Containment" OrderNo="0"> <TreeNode  SID="MFADAAAAKGKKGJBC" Caption="Stable Walls &amp; Doors" OrderNo="0">  </TreeNode><TreeNode  SID="CPACAAAALAKKGJBC" Caption="Bedding " OrderNo="1">  </TreeNode><TreeNode  SID="JHACAAAALKKKGJBC" Caption="Stall Mat &amp; Guards" OrderNo="2">  </TreeNode><TreeNode  SID="JCACAAAAMEKKGJBC" Caption="Portable Paddock" OrderNo="3">  </TreeNode><TreeNode  SID="GMACAAAAMNKKGJBC" Caption="Electric Fencing" OrderNo="4">  </TreeNode><TreeNode  SID="JMADAAAANGKKGJBC" Caption="Round Pens " OrderNo="5">  </TreeNode><TreeNode  SID="AGABAAAAMHELGLBC" Caption="Trail Accessories" OrderNo="6">  </TreeNode><TreeNode  SID="JIACAAAAOEKKGJBC" Caption="Other " OrderNo="7">  </TreeNode> </TreeNode><TreeNode  SID="BFABAAAAOOKKGJBC" Caption="Hardware " OrderNo="1"> <TreeNode  SID="NMACAAAAPIKKGJBC" Caption="Buckets" OrderNo="0">  </TreeNode><TreeNode  SID="DLAAAAAAALKLGJBC" Caption="Horse Toys " OrderNo="1">  </TreeNode><TreeNode  SID="OEACAAAABCKLGJBC" Caption="Carts &amp; Tack Trunks" OrderNo="2">  </TreeNode><TreeNode  SID="LAABAAAABLKLGJBC" Caption="Forks &amp; Rakes " OrderNo="3">  </TreeNode><TreeNode  SID="NBABAAAACEKLGJBC" Caption="Racks &amp; Stands" OrderNo="4">  </TreeNode><TreeNode  SID="NNADAAAACNKLGJBC" Caption="Mounting Blocks" OrderNo="5">  </TreeNode><TreeNode  SID="HOABAAAADHKLGJBC" Caption="Trailer Accessories" OrderNo="6">  </TreeNode><TreeNode  SID="MKABAAAAEJKLGJBC" Caption="Hooks and Hardware" OrderNo="7">  </TreeNode><TreeNode  SID="AGADAAAAAAKLGJBC" Caption="Hay Accessories" OrderNo="8">  </TreeNode><TreeNode  SID="IKADAAAAEAKLGJBC" Caption="Other" OrderNo="9">  </TreeNode> </TreeNode> </TreeNode><TreeNode  SID="BEABAAAALNKFGJBC" Caption="Farrier&apos;s Supply " OrderNo="12"> <TreeNode  SID="IBAAAAAAFNKKGJBC" Caption="Chaps" OrderNo="0">  </TreeNode><TreeNode  SID="EIAAAAAAGGKKGJBC" Caption="Equipment &amp; Tools" OrderNo="1">  </TreeNode><TreeNode  SID="EMADAAAAGOKKGJBC" Caption="Nails" OrderNo="2">  </TreeNode><TreeNode  SID="BCACAAAAIAKKGJBC" Caption="Shoes " OrderNo="3">  </TreeNode><TreeNode  SID="MOABAAAAIJKKGJBC" Caption="Therapeutic" OrderNo="4">  </TreeNode><TreeNode  SID="GJACAAAAHHKKGJBC" Caption="Other " OrderNo="5">  </TreeNode> </TreeNode><TreeNode  SID="LKABAAAAMIKFGJBC" Caption="Leather Repair, Care &amp; Custom Products" OrderNo="13"> <TreeNode  SID="MIACAAAALIKJGJBC" Caption="Leather Care Products" OrderNo="0"> <TreeNode  SID="NFACAAAAMIKJGJBC" Caption="Brushes" OrderNo="0">  </TreeNode><TreeNode  SID="PCACAAAANFKJGJBC" Caption="Leather Punches" OrderNo="1">  </TreeNode><TreeNode  SID="CAAAAAAAOCKJGJBC" Caption="Leather Polish" OrderNo="2">  </TreeNode><TreeNode  SID="DHADAAAAPAKJGJBC" Caption="Leather Cleaner" OrderNo="3">  </TreeNode><TreeNode  SID="APACAAAAPKKJGJBC" Caption="Leather Soaps" OrderNo="4">  </TreeNode><TreeNode  SID="ACADAAAAADKKGJBC" Caption="Sponges" OrderNo="5">  </TreeNode><TreeNode  SID="FEADAAAAALKKGJBC" Caption="Other " OrderNo="6">  </TreeNode> </TreeNode><TreeNode  SID="EIABAAAABHKKGJBC" Caption="Handmade Custom Equipment " OrderNo="1"> <TreeNode  SID="BJABAAAACAKKGJBC" Caption="Halters" OrderNo="0">  </TreeNode><TreeNode  SID="DPACAAAACJKKGJBC" Caption="Leads" OrderNo="1">  </TreeNode><TreeNode  SID="OHAAAAAADFKKGJBC" Caption="Belts" OrderNo="2">  </TreeNode><TreeNode  SID="IDACAAAADNKKGJBC" Caption="Western Chaps " OrderNo="3">  </TreeNode><TreeNode  SID="CIABAAAAEGKKGJBC" Caption="English Chaps " OrderNo="4">  </TreeNode><TreeNode  SID="GBACAAAAEPKKGJBC" Caption="Other " OrderNo="5">  </TreeNode> </TreeNode> </TreeNode><TreeNode  SID="MNADAAAANGKFGJBC" Caption="Custom Embroidery" OrderNo="14"> <TreeNode  SID="ALABAAAAGFENGLBC" Caption="Portfolio" OrderNo="0">  </TreeNode><TreeNode  SID="JPABAAAAHBENGLBC" Caption="Shirts &amp; Jackets" OrderNo="1">  </TreeNode><TreeNode  SID="BLACAAAAHLENGLBC" Caption="Towels &amp; Blankets" OrderNo="2">  </TreeNode><TreeNode  SID="AHACAAAAIJENGLBC" Caption="Hats" OrderNo="3">  </TreeNode> </TreeNode><TreeNode  SID="BDADAAAAOHKFGJBC" Caption="Children&apos;s " OrderNo="15"> <TreeNode  SID="CEABAAAAIHEPGLBC" Caption="English Apparel" OrderNo="0"> <TreeNode  SID="HMAAAAAAKEEPGLBC" Caption="Casual Shirts" OrderNo="0">  </TreeNode><TreeNode  SID="OFADAAAAMBEPGLBC" Caption="Casual Jackets" OrderNo="1">  </TreeNode><TreeNode  SID="HMAAAAAANMEPGLBC" Caption="Casual Pants" OrderNo="2">  </TreeNode><TreeNode  SID="PFACAAAAOAFBGLBC" Caption="Casual Footwear" OrderNo="3">  </TreeNode><TreeNode  SID="JGAAAAAAMPFCGLBC" Caption="Riding Shirts" OrderNo="4">  </TreeNode><TreeNode  SID="FPAAAAAAMKFBGLBC" Caption="Casual Accessories" OrderNo="5">  </TreeNode><TreeNode  SID="IBAAAAAAOKFCGLBC" Caption="Riding Chaps " OrderNo="6">  </TreeNode><TreeNode  SID="MIADAAAAALFDGLBC" Caption="Riding Jackets&amp; Riding Coats" OrderNo="7">  </TreeNode><TreeNode  SID="NCAAAAAACJFDGLBC" Caption="Riding Pants &amp; Breeches" OrderNo="8">  </TreeNode><TreeNode  SID="AHADAAAAFGFDGLBC" Caption="Riding Footwear" OrderNo="9">  </TreeNode><TreeNode  SID="BBADAAAAGLFDGLBC" Caption="Riding Protective Vests" OrderNo="10">  </TreeNode><TreeNode  SID="EHADAAAAEEFDGLBC" Caption="Riding Accessories" OrderNo="11">  </TreeNode> </TreeNode><TreeNode  SID="KGADAAAAFKFHGLBC" Caption="Western Apparel" OrderNo="1"> <TreeNode  SID="CBACAAAAHAFHGLBC" Caption="Casual Shirts" OrderNo="0">  </TreeNode><TreeNode  SID="BFADAAAAHKFHGLBC" Caption="Casual Jackets" OrderNo="1">  </TreeNode><TreeNode  SID="AOABAAAAJHFHGLBC" Caption="Casual Pants" OrderNo="2">  </TreeNode><TreeNode  SID="MAABAAAALIFHGLBC" Caption="Casual Footwear" OrderNo="3">  </TreeNode><TreeNode  SID="NOACAAAAKHFHGLBC" Caption="Casual Accessories" OrderNo="4">  </TreeNode><TreeNode  SID="DDAAAAAANGFHGLBC" Caption="Riding Shirts" OrderNo="5">  </TreeNode><TreeNode  SID="MGABAAAAPLFHGLBC" Caption="Riding Chaps " OrderNo="6">  </TreeNode><TreeNode  SID="EFADAAAABPFIGLBC" Caption="Riding Jackets, Vest &amp; Sleazies" OrderNo="7">  </TreeNode><TreeNode  SID="BDACAAAADAFIGLBC" Caption="Riding Pants" OrderNo="8">  </TreeNode><TreeNode  SID="LKADAAAAEAFIGLBC" Caption="Riding Accessories" OrderNo="9">  </TreeNode><TreeNode  SID="LNAAAAAAFCFIGLBC" Caption="Riding Footwear" OrderNo="10">  </TreeNode><TreeNode  SID="KOABAAAADJFKGLBC" Caption="Riding Protective Vests" OrderNo="11">  </TreeNode> </TreeNode><TreeNode  SID="DAAAAAAAHHFKGLBC" Caption="Saddles" OrderNo="2"> <TreeNode  SID="HMAAAAAAIJFKGLBC" Caption="English " OrderNo="0">  </TreeNode><TreeNode  SID="HPAAAAAAJCFKGLBC" Caption="Western " OrderNo="1">  </TreeNode> </TreeNode><TreeNode  SID="BOABAAAAJPFKGLBC" Caption="Breyers" OrderNo="3">  </TreeNode><TreeNode  SID="DHAAAAAAKMFKGLBC" Caption="Gifts" OrderNo="4">  </TreeNode><TreeNode  SID="LJABAAAALHFKGLBC" Caption="Toys" OrderNo="5">  </TreeNode><TreeNode  SID="OLAAAAAAMBFKGLBC" Caption="Computer Games " OrderNo="6">  </TreeNode><TreeNode  SID="BPAAAAAAMMFKGLBC" Caption="Books " OrderNo="7">  </TreeNode><TreeNode  SID="NHACAAAANOFKGLBC" Caption="Board &amp; Card Games" OrderNo="8">  </TreeNode> </TreeNode><TreeNode  SID="JLAAAAAAPEKFGJBC" Caption="Closeouts &amp; Hot Buys" OrderNo="16"> <TreeNode  SID="DOABAAAAPPKHGJBC" Caption="closeouts" OrderNo="0"> <TreeNode  SID="GOABAAAABKKIGJBC" Caption="Apparel" OrderNo="0">  </TreeNode><TreeNode  SID="FBAAAAAAGDKIGJBC" Caption="Footwear" OrderNo="1">  </TreeNode><TreeNode  SID="EAAAAAAAJNKIGJBC" Caption="Hardware" OrderNo="2">  </TreeNode><TreeNode  SID="LJACAAAALDKIGJBC" Caption="Saddles" OrderNo="3">  </TreeNode><TreeNode  SID="IEACAAAALPKIGJBC" Caption="Tack" OrderNo="4">  </TreeNode><TreeNode  SID="HLABAAAAKHKIGJBC" Caption="Other" OrderNo="5">  </TreeNode> </TreeNode><TreeNode  SID="FNABAAAAMKKIGJBC" Caption="Hot Buys" OrderNo="1">  </TreeNode> </TreeNode><TreeNode  SID="DGADAAAABEKGGJBC" Caption="Seminars" OrderNo="17"> <Style  SID="PAAAAANJCFFPHMBN" OrderNo="0" /> </TreeNode><TreeNode  SID="FNACAAAAHOBAGLBC" Caption="Gift Cards" OrderNo="18"> <Style  SID="PAAAAADHDLGDAEBN" OrderNo="0" /> </TreeNode><TreeNode  SID="HDACAAAAINBAGLBC" Caption="Special Orders" OrderNo="19"> <Style  SID="PAAAIAFIMIFPIFAL" OrderNo="0" /> </TreeNode> </Category_Tree>