<?xml version="1.0" encoding="UTF-8"?>
<!DOCTYPE Preferences [
<!ATTLIST Preferences Version CDATA "2.0">
<!ELEMENT Preferences (InvenPreferences?, TaxCodes?, TaxAreas?,
TaxRates?, Discounts?, DefPriceLevels?,
ShippingTable?, ShippingWeightTable?,
ShippingParams?, Scales?, OrderStatuses?,
OnlineCCProcess?) >
<!ELEMENT InvenPreferences (ShipProviders?, OutOfStockMessages?,
InStockMessages?, ShipUnits?,
ProdAvailability?, QtySource?,
DisplayItem?, AvailableThreshold?,
AvailableAtStore?) >
<!ELEMENT ShipProviders (ShipProvider*) >
<!ELEMENT ShipProvider (ShipTypes*) >
<!ATTLIST ShipProvider No CDATA #REQUIRED>
<!ATTLIST ShipProvider Name CDATA #REQUIRED>
<!ATTLIST ShipProvider Default CDATA #IMPLIED>
<!ELEMENT ShipTypes (ShipType*) >
<!ELEMENT ShipType EMPTY >
<!ATTLIST ShipType No CDATA #REQUIRED>
<!ATTLIST ShipType Name CDATA #REQUIRED>
<!ATTLIST ShipType Amount CDATA #REQUIRED>
<!ATTLIST ShipType Default CDATA #IMPLIED>
<!ATTLIST ShipType Description CDATA #IMPLIED>
<!ELEMENT OutOfStockMessages (OutOfStockMsg*) >
<!ELEMENT OutOfStockMsg EMPTY >
<!ATTLIST OutOfStockMsg No CDATA #REQUIRED>
<!ATTLIST OutOfStockMsg Text CDATA #REQUIRED>
<!ATTLIST OutOfStockMsg Default CDATA #IMPLIED>
<!ELEMENT InStockMessages (InStockMsg*) >
<!ELEMENT InStockMsg EMPTY >
<!ATTLIST InStockMsg No CDATA #REQUIRED>
<!ATTLIST InStockMsg Text CDATA #REQUIRED>
<!ATTLIST InStockMsg Default CDATA #IMPLIED>
<!ELEMENT ShipUnits (ShipUnit*) >
<!ELEMENT ShipUnit EMPTY >
<!ATTLIST ShipUnit No CDATA #REQUIRED>
<!ATTLIST ShipUnit Name CDATA #REQUIRED>
<!ATTLIST ShipUnit Abbr CDATA #REQUIRED>
<!ATTLIST ShipUnit Default CDATA #IMPLIED>
<!ELEMENT ProdAvailability (ProdAvailability_Item*) >
<!ELEMENT ProdAvailability_Item EMPTY >
<!ATTLIST ProdAvailability_Item No CDATA #REQUIRED>
<!ATTLIST ProdAvailability_Item Value CDATA #REQUIRED>
<!ATTLIST ProdAvailability_Item Default CDATA #IMPLIED>
<!ELEMENT QtySource (QtySource_Item*) >
<!ELEMENT QtySource_Item EMPTY >
<!ATTLIST QtySource_Item No CDATA #REQUIRED>
<!ATTLIST QtySource_Item Value CDATA #REQUIRED>
<!ATTLIST QtySource_Item Default CDATA #IMPLIED>
<!ELEMENT DisplayItem EMPTY >
<!ATTLIST DisplayItem Name CDATA #REQUIRED>
<!ATTLIST DisplayItem Code CDATA #REQUIRED>
<!ATTLIST DisplayItem Default CDATA #REQUIRED>
<!ELEMENT AvailableThreshold EMPTY >
<!ATTLIST AvailableThreshold Name CDATA #REQUIRED>
<!ATTLIST AvailableThreshold Code CDATA #REQUIRED>
<!ATTLIST AvailableThreshold Default CDATA #REQUIRED>
<!ELEMENT AvailableAtStore EMPTY >
<!ATTLIST AvailableAtStore Name CDATA #REQUIRED>
<!ATTLIST AvailableAtStore Code CDATA #REQUIRED>
<!ATTLIST AvailableAtStore Default CDATA #REQUIRED>
<!ELEMENT TaxCodes (TaxCode*) >
<!ELEMENT TaxCode EMPTY >
<!ATTLIST TaxCode No CDATA #REQUIRED>
<!ATTLIST TaxCode Name CDATA #REQUIRED>
<!ELEMENT TaxAreas (TaxArea*) >
<!ELEMENT TaxArea EMPTY >
<!ATTLIST TaxArea Code CDATA #REQUIRED>
<!ATTLIST TaxArea Country CDATA #REQUIRED>
<!ATTLIST TaxArea CountryCode CDATA #REQUIRED>
<!ATTLIST TaxArea Region CDATA #REQUIRED>
<!ATTLIST TaxArea RegionCode CDATA #REQUIRED>
<!ATTLIST TaxArea City CDATA #REQUIRED>
<!ATTLIST TaxArea RproTaxArea CDATA #REQUIRED>
<!ATTLIST TaxArea ZipCodes CDATA #REQUIRED>
<!ELEMENT TaxRates (TaxRate*) >
<!ELEMENT TaxRate EMPTY >
<!ATTLIST TaxRate TaxAreaNo CDATA #REQUIRED>
<!ATTLIST TaxRate TaxCodeNo CDATA #REQUIRED>
<!ATTLIST TaxRate AmntMin CDATA #REQUIRED>
<!ATTLIST TaxRate AmntMax CDATA #REQUIRED>
<!ATTLIST TaxRate Rate CDATA #REQUIRED>
<!ELEMENT Discounts (Discount*) >
<!ELEMENT Discount (DiscountItem*) >
<!ATTLIST Discount No CDATA #REQUIRED>
<!ATTLIST Discount Name CDATA #REQUIRED>
<!ELEMENT DiscountItem EMPTY >
<!ATTLIST DiscountItem Qty_Min CDATA #REQUIRED>
<!ATTLIST DiscountItem Qty_Max CDATA #REQUIRED>
<!ATTLIST DiscountItem Disc_Price CDATA #REQUIRED>
<!ELEMENT DefPriceLevels (DefPrice*) >
<!ELEMENT DefPrice EMPTY >
<!ATTLIST DefPrice Level CDATA #REQUIRED>
<!ATTLIST DefPrice Type CDATA #REQUIRED>
<!ELEMENT ShippingTable (ShippingTableItem*) >
<!ELEMENT ShippingTableItem EMPTY >
<!ATTLIST ShippingTableItem No CDATA #REQUIRED>
<!ATTLIST ShippingTableItem Price_Min CDATA #REQUIRED>
<!ATTLIST ShippingTableItem Price_Max CDATA #REQUIRED>
<!ATTLIST ShippingTableItem Shipping_Price CDATA #REQUIRED>
<!ELEMENT ShippingWeightTable (ShippingWeightTableItem*) >
<!ELEMENT ShippingWeightTableItem EMPTY >
<!ATTLIST ShippingWeightTableItem No CDATA #REQUIRED>
<!ATTLIST ShippingWeightTableItem Weight_Min CDATA #REQUIRED>
<!ATTLIST ShippingWeightTableItem Weight_Max CDATA #REQUIRED>
<!ATTLIST ShippingWeightTableItem Shipping_Price CDATA #REQUIRED>
<!ELEMENT ShippingParams EMPTY >
<!ATTLIST ShippingParams ShippingTypeIndex CDATA #REQUIRED>
<!ATTLIST ShippingParams ShippingCalcIndex CDATA #REQUIRED>
<!ATTLIST ShippingParams HandlingAmount CDATA #REQUIRED>
<!ELEMENT OrderStatuses (OrderStatusItem*) >
<!ELEMENT OrderStatusItem EMPTY >
<!ATTLIST OrderStatusItem No CDATA #REQUIRED>
<!ATTLIST OrderStatusItem Action CDATA #REQUIRED>
<!ATTLIST OrderStatusItem Descript CDATA #REQUIRED>
<!ELEMENT Scales (Scale*) >
<!ELEMENT Scale (ScaleItem*) >
<!ATTLIST Scale No CDATA #REQUIRED>
<!ATTLIST Scale Name CDATA #REQUIRED>
<!ELEMENT ScaleItem EMPTY >
<!ATTLIST ScaleItem No CDATA #REQUIRED>
<!ATTLIST ScaleItem Value CDATA #REQUIRED>
<!ATTLIST ScaleItem Type CDATA #REQUIRED>
<!ELEMENT OnlineCCProcess EMPTY>
<!ATTLIST OnlineCCProcess ProcessMethod CDATA #REQUIRED>
]>
<Preferences> <InvenPreferences> <ShipProviders> <ShipProvider  No="1" Default="1" Name="USPS">  </ShipProvider> </ShipProviders><ShipUnits> <ShipUnit  No="1" Name="pounds" Abbr="lb" /><ShipUnit  No="2" Name="kilograms" Abbr="kg" /><ShipUnit  No="3" Name="ounces" Abbr="oz" /> </ShipUnits><ProdAvailability> <ProdAvailability_Item  No="0" Default="1" Value="Sell Always" /><ProdAvailability_Item  No="1" Value="Sell Never" /><ProdAvailability_Item  No="2" Value="Sell to Threshold" /> </ProdAvailability><QtySource> <QtySource_Item  No="0" Default="1" Value="Available" /><QtySource_Item  No="1" Value="Company On Hand" /><QtySource_Item  No="2" Value="Store On Hand" /> </QtySource><DisplayItem  Name="DispalyItem" Code="0" Default="Y" /><AvailableThreshold  Name="AvailableThreshold" Code="0" Default="0.00" /><AvailableAtStore  Name="AvailableAtStore" Code="0" Default="1" /> </InvenPreferences><TaxCodes> <TaxCode  No="1" Name="Taxable" /><TaxCode  No="2" Name="Exempt" /> </TaxCodes><TaxAreas> <TaxArea  Code="1" Country="United States" CountryCode="US" Region="Ohio" RegionCode="OH" City="Milford" RproTaxArea="CLERMONT" ZipCodes=" " /> </TaxAreas><TaxRates> <TaxRate  TaxAreaNo="1" TaxCodeNo="1" AmntMin="0.00" AmntMax="9999999999999.99" Rate="7.000" /> </TaxRates><Discounts> <Discount  No="1" Name="TEN TON">  </Discount> </Discounts><DefPriceLevels> <DefPrice  Level="1" Type="0" /><DefPrice  Level="0" Type="1" /> </DefPriceLevels><ShippingTable> <ShippingTableItem  No="1" Price_Min="25.00" Price_Max="49.99" Shipping_Price="5.95" /><ShippingTableItem  No="2" Price_Min="50.00" Price_Max="74.99" Shipping_Price="7.95" /><ShippingTableItem  No="3" Price_Min="75.00" Price_Max="99.99" Shipping_Price="9.95" /><ShippingTableItem  No="4" Price_Min="100.00" Price_Max="149.99" Shipping_Price="11.95" /><ShippingTableItem  No="5" Price_Min="150.00" Price_Max="199.99" Shipping_Price="13.95" /><ShippingTableItem  No="6" Price_Min="200.00" Price_Max="299.99" Shipping_Price="15.95" /><ShippingTableItem  No="7" Price_Min="300.00" Price_Max="499.99" Shipping_Price="17.95" /><ShippingTableItem  No="8" Price_Min="500.00" Price_Max="500.00" Shipping_Price="18.95" /><ShippingTableItem  No="9" Price_Min="500.01" Price_Max="9999999999999.99" Shipping_Price="19.95" /> </ShippingTable><ShippingParams  ShippingTypeIndex="3" ShippingCalcIndex="1" HandlingAmount="8.00" /><Scales> <Scale  No="1" Name="womens pant"> <ScaleItem  No="1" Value="6" Type="0" /><ScaleItem  No="2" Value="8" Type="0" /><ScaleItem  No="3" Value="10" Type="0" /><ScaleItem  No="4" Value="12" Type="0" /><ScaleItem  No="5" Value="14" Type="0" /><ScaleItem  No="6" Value="16" Type="0" /><ScaleItem  No="7" Value="18" Type="0" /><ScaleItem  No="8" Value="20" Type="0" /><ScaleItem  No="9" Value="22" Type="0" /><ScaleItem  No="10" Value="24" Type="0" /> </Scale><Scale  No="2" Name="Adult Clothe"> <ScaleItem  No="1" Value="XXS" Type="0" /><ScaleItem  No="2" Value="XS" Type="0" /><ScaleItem  No="3" Value="Small" Type="0" /><ScaleItem  No="4" Value="Med" Type="0" /><ScaleItem  No="5" Value="Large" Type="0" /><ScaleItem  No="6" Value="XL" Type="0" /><ScaleItem  No="7" Value="XXL" Type="0" /><ScaleItem  No="8" Value="XXXl" Type="0" /> </Scale><Scale  No="3" Name="Saddle"> <ScaleItem  No="1" Value="14.0" Type="0" /><ScaleItem  No="2" Value="14.5" Type="0" /><ScaleItem  No="3" Value="15.0" Type="0" /><ScaleItem  No="4" Value="15.5" Type="0" /><ScaleItem  No="5" Value="16.0" Type="0" /><ScaleItem  No="6" Value="16.5" Type="0" /><ScaleItem  No="7" Value="17.0" Type="0" /><ScaleItem  No="8" Value="17.5" Type="0" /><ScaleItem  No="9" Value="18.0" Type="0" /><ScaleItem  No="10" Value="18.5" Type="0" /><ScaleItem  No="11" Value="19" Type="0" /> </Scale><Scale  No="4" Name="mens shirts"> <ScaleItem  No="1" Value="30" Type="0" /><ScaleItem  No="2" Value="32" Type="0" /><ScaleItem  No="3" Value="34" Type="0" /><ScaleItem  No="4" Value="36" Type="0" /><ScaleItem  No="5" Value="38" Type="0" /><ScaleItem  No="6" Value="40" Type="0" /><ScaleItem  No="7" Value="42" Type="0" /><ScaleItem  No="8" Value="44" Type="0" /><ScaleItem  No="9" Value="46" Type="0" /><ScaleItem  No="10" Value="48" Type="0" /><ScaleItem  No="11" Value="50" Type="0" /><ScaleItem  No="12" Value="52" Type="0" /> </Scale><Scale  No="5" Name="Waist"> <ScaleItem  No="1" Value="24" Type="0" /><ScaleItem  No="2" Value="26" Type="0" /><ScaleItem  No="3" Value="28" Type="0" /><ScaleItem  No="4" Value="30" Type="0" /><ScaleItem  No="5" Value="32" Type="0" /><ScaleItem  No="6" Value="34" Type="0" /><ScaleItem  No="7" Value="36" Type="0" /><ScaleItem  No="8" Value="38" Type="0" /><ScaleItem  No="9" Value="40" Type="0" /><ScaleItem  No="10" Value="42" Type="0" /><ScaleItem  No="11" Value="44" Type="0" /><ScaleItem  No="12" Value="46" Type="0" /><ScaleItem  No="13" Value="48" Type="0" /><ScaleItem  No="14" Value="50" Type="0" /><ScaleItem  No="15" Value="52" Type="0" /><ScaleItem  No="1" Value="black" Type="1" /><ScaleItem  No="2" Value="brown" Type="1" /><ScaleItem  No="3" Value="havanna" Type="1" /> </Scale><Scale  No="6" Name="Coat"> <ScaleItem  No="1" Value="8" Type="0" /><ScaleItem  No="2" Value="10" Type="0" /><ScaleItem  No="3" Value="12" Type="0" /><ScaleItem  No="4" Value="14" Type="0" /><ScaleItem  No="5" Value="15" Type="0" /><ScaleItem  No="6" Value="18" Type="0" /><ScaleItem  No="7" Value="20" Type="0" /><ScaleItem  No="8" Value="22" Type="0" /> </Scale><Scale  No="7" Name="womens top"> <ScaleItem  No="1" Value="24" Type="0" /><ScaleItem  No="2" Value="26" Type="0" /><ScaleItem  No="3" Value="28" Type="0" /><ScaleItem  No="4" Value="30" Type="0" /><ScaleItem  No="5" Value="32" Type="0" /><ScaleItem  No="6" Value="34" Type="0" /><ScaleItem  No="7" Value="36" Type="0" /><ScaleItem  No="8" Value="38" Type="0" /><ScaleItem  No="9" Value="40" Type="0" /><ScaleItem  No="10" Value="42" Type="0" /><ScaleItem  No="11" Value="44" Type="0" /><ScaleItem  No="12" Value="46" Type="0" /> </Scale><Scale  No="8" Name="mens pants"> <ScaleItem  No="1" Value="28" Type="0" /><ScaleItem  No="2" Value="30" Type="0" /><ScaleItem  No="3" Value="32" Type="0" /><ScaleItem  No="4" Value="34" Type="0" /><ScaleItem  No="5" Value="36" Type="0" /><ScaleItem  No="6" Value="38" Type="0" /><ScaleItem  No="7" Value="40" Type="0" /><ScaleItem  No="8" Value="42" Type="0" /><ScaleItem  No="9" Value="44" Type="0" /> </Scale><Scale  No="9" Name="womens shoes"> <ScaleItem  No="1" Value="5" Type="0" /><ScaleItem  No="2" Value="5.5" Type="0" /><ScaleItem  No="3" Value="6" Type="0" /><ScaleItem  No="4" Value="6.5" Type="0" /><ScaleItem  No="5" Value="7" Type="0" /><ScaleItem  No="6" Value="7.5" Type="0" /><ScaleItem  No="7" Value="8" Type="0" /><ScaleItem  No="8" Value="8.5" Type="0" /><ScaleItem  No="9" Value="9" Type="0" /><ScaleItem  No="10" Value="9.5" Type="0" /><ScaleItem  No="11" Value="10" Type="0" /><ScaleItem  No="12" Value="10.5" Type="0" /><ScaleItem  No="13" Value="11" Type="0" /> </Scale><Scale  No="10" Name="mens shoes"> <ScaleItem  No="1" Value="7" Type="0" /><ScaleItem  No="2" Value="7.5" Type="0" /><ScaleItem  No="3" Value="8" Type="0" /><ScaleItem  No="4" Value="8.5" Type="0" /><ScaleItem  No="5" Value="9" Type="0" /><ScaleItem  No="6" Value="9.5" Type="0" /><ScaleItem  No="7" Value="10" Type="0" /><ScaleItem  No="8" Value="10.5" Type="0" /><ScaleItem  No="9" Value="11" Type="0" /><ScaleItem  No="10" Value="11.5" Type="0" /><ScaleItem  No="11" Value="12" Type="0" /><ScaleItem  No="12" Value="12.5" Type="0" /><ScaleItem  No="13" Value="13" Type="0" /> </Scale><Scale  No="11" Name="infant shoes"> <ScaleItem  No="1" Value="1" Type="0" /><ScaleItem  No="2" Value="2" Type="0" /><ScaleItem  No="3" Value="3" Type="0" /><ScaleItem  No="4" Value="4" Type="0" /><ScaleItem  No="5" Value="5" Type="0" /><ScaleItem  No="6" Value="6" Type="0" /><ScaleItem  No="7" Value="7" Type="0" /><ScaleItem  No="8" Value="8" Type="0" /><ScaleItem  No="9" Value="8.5" Type="0" /><ScaleItem  No="10" Value="9" Type="0" /><ScaleItem  No="11" Value="9.5" Type="0" /><ScaleItem  No="12" Value="10" Type="0" /><ScaleItem  No="13" Value="10.5" Type="0" /><ScaleItem  No="14" Value="11" Type="0" /><ScaleItem  No="15" Value="11.5" Type="0" /><ScaleItem  No="16" Value="12" Type="0" /><ScaleItem  No="17" Value="12.5" Type="0" /><ScaleItem  No="18" Value="13" Type="0" /><ScaleItem  No="19" Value="13.5" Type="0" /> </Scale><Scale  No="12" Name="youth shoes"> <ScaleItem  No="1" Value="1" Type="0" /><ScaleItem  No="2" Value="1.5" Type="0" /><ScaleItem  No="3" Value="2" Type="0" /><ScaleItem  No="4" Value="2.5" Type="0" /><ScaleItem  No="5" Value="3" Type="0" /><ScaleItem  No="6" Value="3.5" Type="0" /><ScaleItem  No="7" Value="4" Type="0" /><ScaleItem  No="8" Value="4.5" Type="0" /><ScaleItem  No="9" Value="5" Type="0" /><ScaleItem  No="10" Value="5.5" Type="0" /><ScaleItem  No="11" Value="6" Type="0" /> </Scale><Scale  No="13" Name="bits"> <ScaleItem  No="1" Value="4" Type="0" /><ScaleItem  No="2" Value="4.25" Type="0" /><ScaleItem  No="3" Value="4.5" Type="0" /><ScaleItem  No="4" Value="4.75" Type="0" /><ScaleItem  No="5" Value="5" Type="0" /><ScaleItem  No="6" Value="5.25" Type="0" /><ScaleItem  No="7" Value="5.5" Type="0" /><ScaleItem  No="8" Value="5.75" Type="0" /><ScaleItem  No="9" Value="6" Type="0" /> </Scale><Scale  No="14" Name="irons"> <ScaleItem  No="1" Value="4.25" Type="0" /><ScaleItem  No="2" Value="4.5" Type="0" /><ScaleItem  No="3" Value="4.75" Type="0" /><ScaleItem  No="4" Value="5" Type="0" /> </Scale><Scale  No="15" Name="Bridle"> <ScaleItem  No="1" Value="pony" Type="0" /><ScaleItem  No="2" Value="cob" Type="0" /><ScaleItem  No="3" Value="qh" Type="0" /><ScaleItem  No="4" Value="full" Type="0" /><ScaleItem  No="5" Value="oversize" Type="0" /> </Scale><Scale  No="16" Name="girths engli"> <ScaleItem  No="1" Value="38" Type="0" /><ScaleItem  No="2" Value="40" Type="0" /><ScaleItem  No="3" Value="42" Type="0" /><ScaleItem  No="4" Value="44" Type="0" /><ScaleItem  No="5" Value="46" Type="0" /><ScaleItem  No="6" Value="48" Type="0" /><ScaleItem  No="7" Value="50" Type="0" /><ScaleItem  No="8" Value="52" Type="0" /><ScaleItem  No="9" Value="54" Type="0" /><ScaleItem  No="10" Value="56" Type="0" /><ScaleItem  No="11" Value="58" Type="0" /><ScaleItem  No="12" Value="60" Type="0" /> </Scale><Scale  No="17" Name="girths dress"> <ScaleItem  No="1" Value="18" Type="0" /><ScaleItem  No="2" Value="20" Type="0" /><ScaleItem  No="3" Value="22" Type="0" /><ScaleItem  No="4" Value="24" Type="0" /><ScaleItem  No="5" Value="26" Type="0" /><ScaleItem  No="6" Value="28" Type="0" /><ScaleItem  No="7" Value="30" Type="0" /><ScaleItem  No="8" Value="32" Type="0" /> </Scale><Scale  No="18" Name="girths weste"> <ScaleItem  No="1" Value="20" Type="0" /><ScaleItem  No="2" Value="22" Type="0" /><ScaleItem  No="3" Value="24" Type="0" /><ScaleItem  No="4" Value="26" Type="0" /><ScaleItem  No="5" Value="28" Type="0" /><ScaleItem  No="6" Value="30" Type="0" /><ScaleItem  No="7" Value="32" Type="0" /><ScaleItem  No="8" Value="34" Type="0" /><ScaleItem  No="9" Value="36" Type="0" /> </Scale><Scale  No="19" Name="leathers"> <ScaleItem  No="1" Value="45" Type="0" /><ScaleItem  No="2" Value="46" Type="0" /><ScaleItem  No="3" Value="48" Type="0" /><ScaleItem  No="4" Value="50" Type="0" /><ScaleItem  No="5" Value="52" Type="0" /><ScaleItem  No="6" Value="54" Type="0" /><ScaleItem  No="7" Value="56" Type="0" /><ScaleItem  No="8" Value="58" Type="0" /><ScaleItem  No="9" Value="60" Type="0" /> </Scale><Scale  No="20" Name="helmets/hats"> <ScaleItem  No="1" Value="6 1/8" Type="0" /><ScaleItem  No="2" Value="6 1/4" Type="0" /><ScaleItem  No="3" Value="6 3/8" Type="0" /><ScaleItem  No="4" Value="6 1/2" Type="0" /><ScaleItem  No="5" Value="6 5/8" Type="0" /><ScaleItem  No="6" Value="6 3/4" Type="0" /><ScaleItem  No="7" Value="6 7/8" Type="0" /><ScaleItem  No="8" Value="7" Type="0" /><ScaleItem  No="9" Value="7 1/8" Type="0" /><ScaleItem  No="10" Value="7 1/4" Type="0" /><ScaleItem  No="11" Value="7 3/8" Type="0" /><ScaleItem  No="12" Value="7 1/2" Type="0" /><ScaleItem  No="13" Value="7 5/8" Type="0" /> </Scale><Scale  No="21" Name="women breech"> <ScaleItem  No="1" Value="24r" Type="0" /><ScaleItem  No="2" Value="26r" Type="0" /><ScaleItem  No="3" Value="28r" Type="0" /><ScaleItem  No="4" Value="30r" Type="0" /><ScaleItem  No="5" Value="32r" Type="0" /><ScaleItem  No="6" Value="34r" Type="0" /><ScaleItem  No="7" Value="36r" Type="0" /><ScaleItem  No="8" Value="24l" Type="0" /><ScaleItem  No="9" Value="26l" Type="0" /><ScaleItem  No="10" Value="28l" Type="0" /><ScaleItem  No="11" Value="30l" Type="0" /><ScaleItem  No="12" Value="32l" Type="0" /><ScaleItem  No="13" Value="34l" Type="0" /><ScaleItem  No="14" Value="36l" Type="0" /><ScaleItem  No="1" Value="beige" Type="1" /><ScaleItem  No="2" Value="grey" Type="1" /><ScaleItem  No="3" Value="khaki" Type="1" /><ScaleItem  No="4" Value="black" Type="1" /><ScaleItem  No="5" Value="white" Type="1" /><ScaleItem  No="6" Value="graphite" Type="1" /> </Scale><Scale  No="22" Name="lady jacket"> <ScaleItem  No="1" Value="8" Type="0" /><ScaleItem  No="2" Value="10" Type="0" /><ScaleItem  No="3" Value="12" Type="0" /><ScaleItem  No="4" Value="14" Type="0" /><ScaleItem  No="5" Value="16" Type="0" /><ScaleItem  No="6" Value="18" Type="0" /><ScaleItem  No="7" Value="20" Type="0" /><ScaleItem  No="8" Value="22" Type="0" /><ScaleItem  No="9" Value="24" Type="0" /><ScaleItem  No="1" Value="black" Type="1" /><ScaleItem  No="2" Value="navy" Type="1" /><ScaleItem  No="3" Value="nps" Type="1" /> </Scale><Scale  No="23" Name="horse boots"> <ScaleItem  No="1" Value="xsmall" Type="0" /><ScaleItem  No="2" Value="small" Type="0" /><ScaleItem  No="3" Value="medium" Type="0" /><ScaleItem  No="4" Value="large" Type="0" /><ScaleItem  No="5" Value="xlarge" Type="0" /><ScaleItem  No="1" Value="black" Type="1" /><ScaleItem  No="2" Value="red" Type="1" /><ScaleItem  No="3" Value="navy" Type="1" /><ScaleItem  No="4" Value="white" Type="1" /><ScaleItem  No="5" Value="royal" Type="1" /> </Scale><Scale  No="24" Name="schooltght"> <ScaleItem  No="1" Value="xxsmall" Type="0" /><ScaleItem  No="2" Value="xsmall" Type="0" /><ScaleItem  No="3" Value="small" Type="0" /><ScaleItem  No="4" Value="medium" Type="0" /><ScaleItem  No="5" Value="large" Type="0" /><ScaleItem  No="6" Value="xlarge" Type="0" /><ScaleItem  No="7" Value="xxlarge" Type="0" /><ScaleItem  No="1" Value="black" Type="1" /><ScaleItem  No="2" Value="royal" Type="1" /><ScaleItem  No="3" Value="navy" Type="1" /><ScaleItem  No="4" Value="green" Type="1" /><ScaleItem  No="5" Value="hunter" Type="1" /><ScaleItem  No="6" Value="red" Type="1" /> </Scale><Scale  No="25" Name="child jacket"> <ScaleItem  No="1" Value="6" Type="0" /><ScaleItem  No="2" Value="8" Type="0" /><ScaleItem  No="3" Value="10" Type="0" /><ScaleItem  No="4" Value="12" Type="0" /><ScaleItem  No="5" Value="14" Type="0" /><ScaleItem  No="6" Value="16" Type="0" /><ScaleItem  No="7" Value="18" Type="0" /><ScaleItem  No="1" Value="beige" Type="1" /><ScaleItem  No="2" Value="grey" Type="1" /><ScaleItem  No="3" Value="navy" Type="1" /><ScaleItem  No="4" Value="nps" Type="1" /><ScaleItem  No="5" Value="white" Type="1" /><ScaleItem  No="6" Value="black" Type="1" /> </Scale><Scale  No="26" Name="child jod">  </Scale> </Scales><OrderStatuses> <OrderStatusItem  No="0" Action="Unknown" Descript="Unknown" /><OrderStatusItem  No="1" Action="New Order" Descript="New Order" /><OrderStatusItem  No="2" Action="Order Polled" Descript="Processing" /><OrderStatusItem  No="3" Action="Partial Complete" Descript="Shipped Partial" /><OrderStatusItem  No="10" Action="Order Complete" Descript="Shipped Complete" /><OrderStatusItem  No="-1" Action="Order Canceled" Descript="Canceled" /> </OrderStatuses><OnlineCCProcess  ProcessMethod="0" /> </Preferences>